地區,姓名,號次,性別,出生年次,推薦政黨,地區_得票數,地區_得票率,當選否,是否現任,鄉鎮區,鄉鎮區_得票數,鄉鎮區_得票率,里,里_得票數,里_得票率
臺北市,李應元,01,M,1952,民主進步黨,488811,35.89%,N,N,臺北市松山區,36314,34.99%,臺北市松山區莊敬里,1162,33.83%
臺北市,李應元,01,M,1952,民主進步黨,488811,35.89%,N,N,臺北市松山區,36314,34.99%,臺北市松山區東榮里,1707,36.37%
臺北市,李應元,01,M,1952,民主進步黨,488811,35.89%,N,N,臺北市松山區,36314,34.99%,臺北市松山區三民里,1248,32.02%
臺北市,李應元,01,M,1952,民主進步黨,488811,35.89%,N,N,臺北市松山區,36314,34.99%,臺北市松山區新益里,1010,38.59%
臺北市,李應元,01,M,1952,民主進步黨,488811,35.89%,N,N,臺北市松山區,36314,34.99%,臺北市松山區富錦里,945,31.81%
臺北市,李應元,01,M,1952,民主進步黨,488811,35.89%,N,N,臺北市松山區,36314,34.99%,臺北市松山區新東里,1015,36.06%
臺北市,李應元,01,M,1952,民主進步黨,488811,35.89%,N,N,臺北市松山區,36314,34.99%,臺北市松山區富泰里,734,29.29%
臺北市,李應元,01,M,1952,民主進步黨,488811,35.89%,N,N,臺北市松山區,36314,34.99%,臺北市松山區介壽里,967,39.21%
臺北市,李應元,01,M,1952,民主進步黨,488811,35.89%,N,N,臺北市松山區,36314,34.99%,臺北市松山區精忠里,763,31.12%
臺北市,李應元,01,M,1952,民主進步黨,488811,35.89%,N,N,臺北市松山區,36314,34.99%,臺北市松山區東光里,1413,33.91%
臺北市,李應元,01,M,1952,民主進步黨,488811,35.89%,N,N,臺北市松山區,36314,34.99%,臺北市松山區龍田里,689,20.82%
臺北市,李應元,01,M,1952,民主進步黨,488811,35.89%,N,N,臺北市松山區,36314,34.99%,臺北市松山區東昌里,586,38.18%
臺北市,李應元,01,M,1952,民主進步黨,488811,35.89%,N,N,臺北市松山區,36314,34.99%,臺北市松山區東勢里,901,37.86%
臺北市,李應元,01,M,1952,民主進步黨,488811,35.89%,N,N,臺北市松山區,36314,34.99%,臺北市松山區中華里,1059,31.71%
臺北市,李應元,01,M,1952,民主進步黨,488811,35.89%,N,N,臺北市松山區,36314,34.99%,臺北市松山區民有里,1816,38.96%
臺北市,李應元,01,M,1952,民主進步黨,488811,35.89%,N,N,臺北市松山區,36314,34.99%,臺北市松山區民福里,1111,28.76%
臺北市,李應元,01,M,1952,民主進步黨,488811,35.89%,N,N,臺北市松山區,36314,34.99%,臺北市松山區慈祐里,1590,48.48%
臺北市,李應元,01,M,1952,民主進步黨,488811,35.89%,N,N,臺北市松山區,36314,34.99%,臺北市松山區安平里,2235,43.94%
臺北市,李應元,01,M,1952,民主進步黨,488811,35.89%,N,N,臺北市松山區,36314,34.99%,臺北市松山區鵬程里,826,24.47%
臺北市,李應元,01,M,1952,民主進步黨,488811,35.89%,N,N,臺北市松山區,36314,34.99%,臺北市松山區自強里,646,15.95%
臺北市,李應元,01,M,1952,民主進步黨,488811,35.89%,N,N,臺北市松山區,36314,34.99%,臺北市松山區吉祥里,1575,35.45%
臺北市,李應元,01,M,1952,民主進步黨,488811,35.89%,N,N,臺北市松山區,36314,34.99%,臺北市松山區新聚里,1552,37.84%
臺北市,李應元,01,M,1952,民主進步黨,488811,35.89%,N,N,臺北市松山區,36314,34.99%,臺北市松山區復盛里,1228,33.42%
臺北市,李應元,01,M,1952,民主進步黨,488811,35.89%,N,N,臺北市松山區,36314,34.99%,臺北市松山區中正里,1700,41.72%
臺北市,李應元,01,M,1952,民主進步黨,488811,35.89%,N,N,臺北市松山區,36314,34.99%,臺北市松山區中崙里,870,39.56%
臺北市,李應元,01,M,1952,民主進步黨,488811,35.89%,N,N,臺北市松山區,36314,34.99%,臺北市松山區美仁里,701,40.08%
臺北市,李應元,01,M,1952,民主進步黨,488811,35.89%,N,N,臺北市松山區,36314,34.99%,臺北市松山區吉仁里,788,36.1%
臺北市,李應元,01,M,1952,民主進步黨,488811,35.89%,N,N,臺北市松山區,36314,34.99%,臺北市松山區敦化里,1538,39.95%
臺北市,李應元,01,M,1952,民主進步黨,488811,35.89%,N,N,臺北市松山區,36314,34.99%,臺北市松山區復源里,540,31.97%
臺北市,李應元,01,M,1952,民主進步黨,488811,35.89%,N,N,臺北市松山區,36314,34.99%,臺北市松山區復建里,703,33.75%
臺北市,李應元,01,M,1952,民主進步黨,488811,35.89%,N,N,臺北市松山區,36314,34.99%,臺北市松山區復勢里,1308,40.01%
臺北市,李應元,01,M,1952,民主進步黨,488811,35.89%,N,N,臺北市松山區,36314,34.99%,臺北市松山區福成里,560,38.2%
臺北市,李應元,01,M,1952,民主進步黨,488811,35.89%,N,N,臺北市松山區,36314,34.99%,臺北市松山區松基里,828,39.47%
臺北市,李應元,01,M,1952,民主進步黨,488811,35.89%,N,N,臺北市信義區,39616,31.69%,臺北市信義區西村里,457,15.94%
臺北市,李應元,01,M,1952,民主進步黨,488811,35.89%,N,N,臺北市信義區,39616,31.69%,臺北市信義區正和里,768,27.8%
臺北市,李應元,01,M,1952,民主進步黨,488811,35.89%,N,N,臺北市信義區,39616,31.69%,臺北市信義區興隆里,471,27.26%
臺北市,李應元,01,M,1952,民主進步黨,488811,35.89%,N,N,臺北市信義區,39616,31.69%,臺北市信義區中興里,513,32.39%
臺北市,李應元,01,M,1952,民主進步黨,488811,35.89%,N,N,臺北市信義區,39616,31.69%,臺北市信義區新仁里,559,24.24%
臺北市,李應元,01,M,1952,民主進步黨,488811,35.89%,N,N,臺北市信義區,39616,31.69%,臺北市信義區興雅里,1165,34.26%
臺北市,李應元,01,M,1952,民主進步黨,488811,35.89%,N,N,臺北市信義區,39616,31.69%,臺北市信義區敦厚里,904,34.26%
臺北市,李應元,01,M,1952,民主進步黨,488811,35.89%,N,N,臺北市信義區,39616,31.69%,臺北市信義區廣居里,1179,29.31%
臺北市,李應元,01,M,1952,民主進步黨,488811,35.89%,N,N,臺北市信義區,39616,31.69%,臺北市信義區安康里,1267,31.97%
臺北市,李應元,01,M,1952,民主進步黨,488811,35.89%,N,N,臺北市信義區,39616,31.69%,臺北市信義區六藝里,813,38.66%
臺北市,李應元,01,M,1952,民主進步黨,488811,35.89%,N,N,臺北市信義區,39616,31.69%,臺北市信義區雅祥里,1048,39.05%
臺北市,李應元,01,M,1952,民主進步黨,488811,35.89%,N,N,臺北市信義區,39616,31.69%,臺北市信義區五常里,751,35.23%
臺北市,李應元,01,M,1952,民主進步黨,488811,35.89%,N,N,臺北市信義區,39616,31.69%,臺北市信義區五全里,1260,42.51%
臺北市,李應元,01,M,1952,民主進步黨,488811,35.89%,N,N,臺北市信義區,39616,31.69%,臺北市信義區永吉里,1202,46.97%
臺北市,李應元,01,M,1952,民主進步黨,488811,35.89%,N,N,臺北市信義區,39616,31.69%,臺北市信義區長春里,970,38.48%
臺北市,李應元,01,M,1952,民主進步黨,488811,35.89%,N,N,臺北市信義區,39616,31.69%,臺北市信義區四育里,1420,42.46%
臺北市,李應元,01,M,1952,民主進步黨,488811,35.89%,N,N,臺北市信義區,39616,31.69%,臺北市信義區四維里,974,31.27%
臺北市,李應元,01,M,1952,民主進步黨,488811,35.89%,N,N,臺北市信義區,39616,31.69%,臺北市信義區永春里,1201,38.38%
臺北市,李應元,01,M,1952,民主進步黨,488811,35.89%,N,N,臺北市信義區,39616,31.69%,臺北市信義區富臺里,435,19.96%
臺北市,李應元,01,M,1952,民主進步黨,488811,35.89%,N,N,臺北市信義區,39616,31.69%,臺北市信義區國業里,1290,31.54%
臺北市,李應元,01,M,1952,民主進步黨,488811,35.89%,N,N,臺北市信義區,39616,31.69%,臺北市信義區松隆里,530,31.95%
臺北市,李應元,01,M,1952,民主進步黨,488811,35.89%,N,N,臺北市信義區,39616,31.69%,臺北市信義區松友里,1048,29.38%
臺北市,李應元,01,M,1952,民主進步黨,488811,35.89%,N,N,臺北市信義區,39616,31.69%,臺北市信義區松光里,1214,36.72%
臺北市,李應元,01,M,1952,民主進步黨,488811,35.89%,N,N,臺北市信義區,39616,31.69%,臺北市信義區中坡里,925,34.13%
臺北市,李應元,01,M,1952,民主進步黨,488811,35.89%,N,N,臺北市信義區,39616,31.69%,臺北市信義區中行里,1716,36.97%
臺北市,李應元,01,M,1952,民主進步黨,488811,35.89%,N,N,臺北市信義區,39616,31.69%,臺北市信義區大道里,1437,37.14%
臺北市,李應元,01,M,1952,民主進步黨,488811,35.89%,N,N,臺北市信義區,39616,31.69%,臺北市信義區大仁里,1046,32.82%
臺北市,李應元,01,M,1952,民主進步黨,488811,35.89%,N,N,臺北市信義區,39616,31.69%,臺北市信義區景新里,711,25.93%
臺北市,李應元,01,M,1952,民主進步黨,488811,35.89%,N,N,臺北市信義區,39616,31.69%,臺北市信義區惠安里,1071,26.89%
臺北市,李應元,01,M,1952,民主進步黨,488811,35.89%,N,N,臺北市信義區,39616,31.69%,臺北市信義區三張里,1484,27.41%
臺北市,李應元,01,M,1952,民主進步黨,488811,35.89%,N,N,臺北市信義區,39616,31.69%,臺北市信義區三犁里,841,29.09%
臺北市,李應元,01,M,1952,民主進步黨,488811,35.89%,N,N,臺北市信義區,39616,31.69%,臺北市信義區六合里,893,24.14%
臺北市,李應元,01,M,1952,民主進步黨,488811,35.89%,N,N,臺北市信義區,39616,31.69%,臺北市信義區泰和里,1336,28.97%
臺北市,李應元,01,M,1952,民主進步黨,488811,35.89%,N,N,臺北市信義區,39616,31.69%,臺北市信義區景聯里,920,33.26%
臺北市,李應元,01,M,1952,民主進步黨,488811,35.89%,N,N,臺北市信義區,39616,31.69%,臺北市信義區景勤里,718,26.97%
臺北市,李應元,01,M,1952,民主進步黨,488811,35.89%,N,N,臺北市信義區,39616,31.69%,臺北市信義區雙和里,1221,28.61%
臺北市,李應元,01,M,1952,民主進步黨,488811,35.89%,N,N,臺北市信義區,39616,31.69%,臺北市信義區嘉興里,674,35.47%
臺北市,李應元,01,M,1952,民主進步黨,488811,35.89%,N,N,臺北市信義區,39616,31.69%,臺北市信義區黎順里,718,29.06%
臺北市,李應元,01,M,1952,民主進步黨,488811,35.89%,N,N,臺北市信義區,39616,31.69%,臺北市信義區黎平里,1286,31.88%
臺北市,李應元,01,M,1952,民主進步黨,488811,35.89%,N,N,臺北市信義區,39616,31.69%,臺北市信義區黎忠里,914,31.98%
臺北市,李應元,01,M,1952,民主進步黨,488811,35.89%,N,N,臺北市信義區,39616,31.69%,臺北市信義區黎安里,266,15.69%
臺北市,李應元,01,M,1952,民主進步黨,488811,35.89%,N,N,臺北市大安區,49977,31.08%,臺北市大安區德安里,932,30.26%
臺北市,李應元,01,M,1952,民主進步黨,488811,35.89%,N,N,臺北市大安區,49977,31.08%,臺北市大安區仁慈里,897,34.39%
臺北市,李應元,01,M,1952,民主進步黨,488811,35.89%,N,N,臺北市大安區,49977,31.08%,臺北市大安區和安里,982,29.07%
臺北市,李應元,01,M,1952,民主進步黨,488811,35.89%,N,N,臺北市大安區,49977,31.08%,臺北市大安區民炤里,1572,37.42%
臺北市,李應元,01,M,1952,民主進步黨,488811,35.89%,N,N,臺北市大安區,49977,31.08%,臺北市大安區仁愛里,989,35.25%
臺北市,李應元,01,M,1952,民主進步黨,488811,35.89%,N,N,臺北市大安區,49977,31.08%,臺北市大安區義村里,737,19.33%
臺北市,李應元,01,M,1952,民主進步黨,488811,35.89%,N,N,臺北市大安區,49977,31.08%,臺北市大安區民輝里,1256,35.59%
臺北市,李應元,01,M,1952,民主進步黨,488811,35.89%,N,N,臺北市大安區,49977,31.08%,臺北市大安區昌隆里,763,40.26%
臺北市,李應元,01,M,1952,民主進步黨,488811,35.89%,N,N,臺北市大安區,49977,31.08%,臺北市大安區誠安里,925,37.34%
臺北市,李應元,01,M,1952,民主進步黨,488811,35.89%,N,N,臺北市大安區,49977,31.08%,臺北市大安區光武里,1398,34.23%
臺北市,李應元,01,M,1952,民主進步黨,488811,35.89%,N,N,臺北市大安區,49977,31.08%,臺北市大安區龍坡里,1220,38.61%
臺北市,李應元,01,M,1952,民主進步黨,488811,35.89%,N,N,臺北市大安區,49977,31.08%,臺北市大安區龍泉里,847,34.63%
臺北市,李應元,01,M,1952,民主進步黨,488811,35.89%,N,N,臺北市大安區,49977,31.08%,臺北市大安區古風里,745,33.04%
臺北市,李應元,01,M,1952,民主進步黨,488811,35.89%,N,N,臺北市大安區,49977,31.08%,臺北市大安區古莊里,1150,32.91%
臺北市,李應元,01,M,1952,民主進步黨,488811,35.89%,N,N,臺北市大安區,49977,31.08%,臺北市大安區龍安里,1008,32.9%
臺北市,李應元,01,M,1952,民主進步黨,488811,35.89%,N,N,臺北市大安區,49977,31.08%,臺北市大安區錦安里,818,29.93%
臺北市,李應元,01,M,1952,民主進步黨,488811,35.89%,N,N,臺北市大安區,49977,31.08%,臺北市大安區福住里,996,32.97%
臺北市,李應元,01,M,1952,民主進步黨,488811,35.89%,N,N,臺北市大安區,49977,31.08%,臺北市大安區永康里,592,31.79%
臺北市,李應元,01,M,1952,民主進步黨,488811,35.89%,N,N,臺北市大安區,49977,31.08%,臺北市大安區光明里,623,30.33%
臺北市,李應元,01,M,1952,民主進步黨,488811,35.89%,N,N,臺北市大安區,49977,31.08%,臺北市大安區錦泰里,676,23.44%
臺北市,李應元,01,M,1952,民主進步黨,488811,35.89%,N,N,臺北市大安區,49977,31.08%,臺北市大安區錦華里,896,30.62%
臺北市,李應元,01,M,1952,民主進步黨,488811,35.89%,N,N,臺北市大安區,49977,31.08%,臺北市大安區龍圖里,1089,29.84%
臺北市,李應元,01,M,1952,民主進步黨,488811,35.89%,N,N,臺北市大安區,49977,31.08%,臺北市大安區新龍里,717,19.76%
臺北市,李應元,01,M,1952,民主進步黨,488811,35.89%,N,N,臺北市大安區,49977,31.08%,臺北市大安區龍陣里,614,30.41%
臺北市,李應元,01,M,1952,民主進步黨,488811,35.89%,N,N,臺北市大安區,49977,31.08%,臺北市大安區龍雲里,933,33.43%
臺北市,李應元,01,M,1952,民主進步黨,488811,35.89%,N,N,臺北市大安區,49977,31.08%,臺北市大安區龍生里,959,28.25%
臺北市,李應元,01,M,1952,民主進步黨,488811,35.89%,N,N,臺北市大安區,49977,31.08%,臺北市大安區住安里,922,30.96%
臺北市,李應元,01,M,1952,民主進步黨,488811,35.89%,N,N,臺北市大安區,49977,31.08%,臺北市大安區義安里,865,29.04%
臺北市,李應元,01,M,1952,民主進步黨,488811,35.89%,N,N,臺北市大安區,49977,31.08%,臺北市大安區通化里,1422,40.77%
臺北市,李應元,01,M,1952,民主進步黨,488811,35.89%,N,N,臺北市大安區,49977,31.08%,臺北市大安區通安里,1090,33.22%
臺北市,李應元,01,M,1952,民主進步黨,488811,35.89%,N,N,臺北市大安區,49977,31.08%,臺北市大安區臨江里,884,35.19%
臺北市,李應元,01,M,1952,民主進步黨,488811,35.89%,N,N,臺北市大安區,49977,31.08%,臺北市大安區法治里,683,27.32%
臺北市,李應元,01,M,1952,民主進步黨,488811,35.89%,N,N,臺北市大安區,49977,31.08%,臺北市大安區全安里,745,31.57%
臺北市,李應元,01,M,1952,民主進步黨,488811,35.89%,N,N,臺北市大安區,49977,31.08%,臺北市大安區群賢里,928,27.68%
臺北市,李應元,01,M,1952,民主進步黨,488811,35.89%,N,N,臺北市大安區,49977,31.08%,臺北市大安區群英里,713,16.39%
臺北市,李應元,01,M,1952,民主進步黨,488811,35.89%,N,N,臺北市大安區,49977,31.08%,臺北市大安區虎嘯里,506,28.33%
臺北市,李應元,01,M,1952,民主進步黨,488811,35.89%,N,N,臺北市大安區,49977,31.08%,臺北市大安區臥龍里,407,24.4%
臺北市,李應元,01,M,1952,民主進步黨,488811,35.89%,N,N,臺北市大安區,49977,31.08%,臺北市大安區龍淵里,1476,30.71%
臺北市,李應元,01,M,1952,民主進步黨,488811,35.89%,N,N,臺北市大安區,49977,31.08%,臺北市大安區龍門里,718,33.43%
臺北市,李應元,01,M,1952,民主進步黨,488811,35.89%,N,N,臺北市大安區,49977,31.08%,臺北市大安區大學里,1334,31.26%
臺北市,李應元,01,M,1952,民主進步黨,488811,35.89%,N,N,臺北市大安區,49977,31.08%,臺北市大安區芳和里,1032,29.1%
臺北市,李應元,01,M,1952,民主進步黨,488811,35.89%,N,N,臺北市大安區,49977,31.08%,臺北市大安區黎元里,993,30.76%
臺北市,李應元,01,M,1952,民主進步黨,488811,35.89%,N,N,臺北市大安區,49977,31.08%,臺北市大安區黎孝里,1334,30.22%
臺北市,李應元,01,M,1952,民主進步黨,488811,35.89%,N,N,臺北市大安區,49977,31.08%,臺北市大安區黎和里,653,26.83%
臺北市,李應元,01,M,1952,民主進步黨,488811,35.89%,N,N,臺北市大安區,49977,31.08%,臺北市大安區建安里,798,30.66%
臺北市,李應元,01,M,1952,民主進步黨,488811,35.89%,N,N,臺北市大安區,49977,31.08%,臺北市大安區建倫里,1009,32.62%
臺北市,李應元,01,M,1952,民主進步黨,488811,35.89%,N,N,臺北市大安區,49977,31.08%,臺北市大安區敦安里,1171,35.14%
臺北市,李應元,01,M,1952,民主進步黨,488811,35.89%,N,N,臺北市大安區,49977,31.08%,臺北市大安區正聲里,733,28.79%
臺北市,李應元,01,M,1952,民主進步黨,488811,35.89%,N,N,臺北市大安區,49977,31.08%,臺北市大安區敦煌里,1094,34.44%
臺北市,李應元,01,M,1952,民主進步黨,488811,35.89%,N,N,臺北市大安區,49977,31.08%,臺北市大安區華聲里,710,30.23%
臺北市,李應元,01,M,1952,民主進步黨,488811,35.89%,N,N,臺北市大安區,49977,31.08%,臺北市大安區車層里,1314,36.21%
臺北市,李應元,01,M,1952,民主進步黨,488811,35.89%,N,N,臺北市大安區,49977,31.08%,臺北市大安區光信里,1482,33.5%
臺北市,李應元,01,M,1952,民主進步黨,488811,35.89%,N,N,臺北市大安區,49977,31.08%,臺北市大安區學府里,627,27.12%
臺北市,李應元,01,M,1952,民主進步黨,488811,35.89%,N,N,臺北市中山區,44982,40.17%,臺北市中山區正守里,705,41.86%
臺北市,李應元,01,M,1952,民主進步黨,488811,35.89%,N,N,臺北市中山區,44982,40.17%,臺北市中山區正義里,821,35.56%
臺北市,李應元,01,M,1952,民主進步黨,488811,35.89%,N,N,臺北市中山區,44982,40.17%,臺北市中山區正得里,606,37.59%
臺北市,李應元,01,M,1952,民主進步黨,488811,35.89%,N,N,臺北市中山區,44982,40.17%,臺北市中山區民安里,1224,43.97%
臺北市,李應元,01,M,1952,民主進步黨,488811,35.89%,N,N,臺北市中山區,44982,40.17%,臺北市中山區康樂里,389,34.15%
臺北市,李應元,01,M,1952,民主進步黨,488811,35.89%,N,N,臺北市中山區,44982,40.17%,臺北市中山區中山里,1092,38.64%
臺北市,李應元,01,M,1952,民主進步黨,488811,35.89%,N,N,臺北市中山區,44982,40.17%,臺北市中山區聚盛里,681,40.32%
臺北市,李應元,01,M,1952,民主進步黨,488811,35.89%,N,N,臺北市中山區,44982,40.17%,臺北市中山區集英里,1503,47.25%
臺北市,李應元,01,M,1952,民主進步黨,488811,35.89%,N,N,臺北市中山區,44982,40.17%,臺北市中山區聚葉里,841,43.8%
臺北市,李應元,01,M,1952,民主進步黨,488811,35.89%,N,N,臺北市中山區,44982,40.17%,臺北市中山區恆安里,705,40.96%
臺北市,李應元,01,M,1952,民主進步黨,488811,35.89%,N,N,臺北市中山區,44982,40.17%,臺北市中山區晴光里,773,37.71%
臺北市,李應元,01,M,1952,民主進步黨,488811,35.89%,N,N,臺北市中山區,44982,40.17%,臺北市中山區圓山里,850,43.55%
臺北市,李應元,01,M,1952,民主進步黨,488811,35.89%,N,N,臺北市中山區,44982,40.17%,臺北市中山區劍潭里,206,8.93%
臺北市,李應元,01,M,1952,民主進步黨,488811,35.89%,N,N,臺北市中山區,44982,40.17%,臺北市中山區大直里,1810,33.17%
臺北市,李應元,01,M,1952,民主進步黨,488811,35.89%,N,N,臺北市中山區,44982,40.17%,臺北市中山區成功里,609,38.01%
臺北市,李應元,01,M,1952,民主進步黨,488811,35.89%,N,N,臺北市中山區,44982,40.17%,臺北市中山區永安里,1663,36.49%
臺北市,李應元,01,M,1952,民主進步黨,488811,35.89%,N,N,臺北市中山區,44982,40.17%,臺北市中山區大佳里,397,55.22%
臺北市,李應元,01,M,1952,民主進步黨,488811,35.89%,N,N,臺北市中山區,44982,40.17%,臺北市中山區新喜里,1270,45.04%
臺北市,李應元,01,M,1952,民主進步黨,488811,35.89%,N,N,臺北市中山區,44982,40.17%,臺北市中山區新庄里,1217,43.9%
臺北市,李應元,01,M,1952,民主進步黨,488811,35.89%,N,N,臺北市中山區,44982,40.17%,臺北市中山區新福里,1337,47.94%
臺北市,李應元,01,M,1952,民主進步黨,488811,35.89%,N,N,臺北市中山區,44982,40.17%,臺北市中山區松江里,1624,46.1%
臺北市,李應元,01,M,1952,民主進步黨,488811,35.89%,N,N,臺北市中山區,44982,40.17%,臺北市中山區新生里,1274,45.57%
臺北市,李應元,01,M,1952,民主進步黨,488811,35.89%,N,N,臺北市中山區,44982,40.17%,臺北市中山區中庄里,1441,47.37%
臺北市,李應元,01,M,1952,民主進步黨,488811,35.89%,N,N,臺北市中山區,44982,40.17%,臺北市中山區行政里,1312,43.41%
臺北市,李應元,01,M,1952,民主進步黨,488811,35.89%,N,N,臺北市中山區,44982,40.17%,臺北市中山區行仁里,2037,43.32%
臺北市,李應元,01,M,1952,民主進步黨,488811,35.89%,N,N,臺北市中山區,44982,40.17%,臺北市中山區行孝里,1023,42.47%
臺北市,李應元,01,M,1952,民主進步黨,488811,35.89%,N,N,臺北市中山區,44982,40.17%,臺北市中山區下埤里,1687,41.29%
臺北市,李應元,01,M,1952,民主進步黨,488811,35.89%,N,N,臺北市中山區,44982,40.17%,臺北市中山區江寧里,1417,38.49%
臺北市,李應元,01,M,1952,民主進步黨,488811,35.89%,N,N,臺北市中山區,44982,40.17%,臺北市中山區江山里,1874,44.41%
臺北市,李應元,01,M,1952,民主進步黨,488811,35.89%,N,N,臺北市中山區,44982,40.17%,臺北市中山區中吉里,1379,47.92%
臺北市,李應元,01,M,1952,民主進步黨,488811,35.89%,N,N,臺北市中山區,44982,40.17%,臺北市中山區中原里,1143,44.91%
臺北市,李應元,01,M,1952,民主進步黨,488811,35.89%,N,N,臺北市中山區,44982,40.17%,臺北市中山區興亞里,1214,43.72%
臺北市,李應元,01,M,1952,民主進步黨,488811,35.89%,N,N,臺北市中山區,44982,40.17%,臺北市中山區中央里,784,39.02%
臺北市,李應元,01,M,1952,民主進步黨,488811,35.89%,N,N,臺北市中山區,44982,40.17%,臺北市中山區朱馥里,1327,38.71%
臺北市,李應元,01,M,1952,民主進步黨,488811,35.89%,N,N,臺北市中山區,44982,40.17%,臺北市中山區龍洲里,664,20.71%
臺北市,李應元,01,M,1952,民主進步黨,488811,35.89%,N,N,臺北市中山區,44982,40.17%,臺北市中山區朱園里,1058,43.24%
臺北市,李應元,01,M,1952,民主進步黨,488811,35.89%,N,N,臺北市中山區,44982,40.17%,臺北市中山區埤頭里,845,36.13%
臺北市,李應元,01,M,1952,民主進步黨,488811,35.89%,N,N,臺北市中山區,44982,40.17%,臺北市中山區朱崙里,759,44.05%
臺北市,李應元,01,M,1952,民主進步黨,488811,35.89%,N,N,臺北市中山區,44982,40.17%,臺北市中山區力行里,1499,45.7%
臺北市,李應元,01,M,1952,民主進步黨,488811,35.89%,N,N,臺北市中山區,44982,40.17%,臺北市中山區復華里,668,31.49%
臺北市,李應元,01,M,1952,民主進步黨,488811,35.89%,N,N,臺北市中山區,44982,40.17%,臺北市中山區金泰里,811,38.66%
臺北市,李應元,01,M,1952,民主進步黨,488811,35.89%,N,N,臺北市中山區,44982,40.17%,臺北市中山區北安里,443,25.21%
臺北市,李應元,01,M,1952,民主進步黨,488811,35.89%,N,N,臺北市中正區,26645,33.06%,臺北市中正區水源里,645,36.69%
臺北市,李應元,01,M,1952,民主進步黨,488811,35.89%,N,N,臺北市中正區,26645,33.06%,臺北市中正區富水里,277,15.89%
臺北市,李應元,01,M,1952,民主進步黨,488811,35.89%,N,N,臺北市中正區,26645,33.06%,臺北市中正區文盛里,533,34.52%
臺北市,李應元,01,M,1952,民主進步黨,488811,35.89%,N,N,臺北市中正區,26645,33.06%,臺北市中正區林興里,739,27.67%
臺北市,李應元,01,M,1952,民主進步黨,488811,35.89%,N,N,臺北市中正區,26645,33.06%,臺北市中正區河堤里,786,29.55%
臺北市,李應元,01,M,1952,民主進步黨,488811,35.89%,N,N,臺北市中正區,26645,33.06%,臺北市中正區頂東里,1153,35.14%
臺北市,李應元,01,M,1952,民主進步黨,488811,35.89%,N,N,臺北市中正區,26645,33.06%,臺北市中正區網溪里,1041,33.2%
臺北市,李應元,01,M,1952,民主進步黨,488811,35.89%,N,N,臺北市中正區,26645,33.06%,臺北市中正區板溪里,694,35.09%
臺北市,李應元,01,M,1952,民主進步黨,488811,35.89%,N,N,臺北市中正區,26645,33.06%,臺北市中正區螢圃里,1058,33.74%
臺北市,李應元,01,M,1952,民主進步黨,488811,35.89%,N,N,臺北市中正區,26645,33.06%,臺北市中正區螢雪里,861,33.41%
臺北市,李應元,01,M,1952,民主進步黨,488811,35.89%,N,N,臺北市中正區,26645,33.06%,臺北市中正區永功里,1317,37.32%
臺北市,李應元,01,M,1952,民主進步黨,488811,35.89%,N,N,臺北市中正區,26645,33.06%,臺北市中正區永昌里,1132,36.81%
臺北市,李應元,01,M,1952,民主進步黨,488811,35.89%,N,N,臺北市中正區,26645,33.06%,臺北市中正區龍興里,745,33.59%
臺北市,李應元,01,M,1952,民主進步黨,488811,35.89%,N,N,臺北市中正區,26645,33.06%,臺北市中正區忠勤里,1215,30.64%
臺北市,李應元,01,M,1952,民主進步黨,488811,35.89%,N,N,臺北市中正區,26645,33.06%,臺北市中正區廈安里,731,36.01%
臺北市,李應元,01,M,1952,民主進步黨,488811,35.89%,N,N,臺北市中正區,26645,33.06%,臺北市中正區愛國里,634,35.18%
臺北市,李應元,01,M,1952,民主進步黨,488811,35.89%,N,N,臺北市中正區,26645,33.06%,臺北市中正區南門里,427,23.41%
臺北市,李應元,01,M,1952,民主進步黨,488811,35.89%,N,N,臺北市中正區,26645,33.06%,臺北市中正區龍光里,585,28.96%
臺北市,李應元,01,M,1952,民主進步黨,488811,35.89%,N,N,臺北市中正區,26645,33.06%,臺北市中正區南福里,1394,32.96%
臺北市,李應元,01,M,1952,民主進步黨,488811,35.89%,N,N,臺北市中正區,26645,33.06%,臺北市中正區龍福里,1073,31.84%
臺北市,李應元,01,M,1952,民主進步黨,488811,35.89%,N,N,臺北市中正區,26645,33.06%,臺北市中正區新營里,1189,26.87%
臺北市,李應元,01,M,1952,民主進步黨,488811,35.89%,N,N,臺北市中正區,26645,33.06%,臺北市中正區建國里,182,26.22%
臺北市,李應元,01,M,1952,民主進步黨,488811,35.89%,N,N,臺北市中正區,26645,33.06%,臺北市中正區光復里,699,37.26%
臺北市,李應元,01,M,1952,民主進步黨,488811,35.89%,N,N,臺北市中正區,26645,33.06%,臺北市中正區黎明里,499,32.24%
臺北市,李應元,01,M,1952,民主進步黨,488811,35.89%,N,N,臺北市中正區,26645,33.06%,臺北市中正區梅花里,695,36.48%
臺北市,李應元,01,M,1952,民主進步黨,488811,35.89%,N,N,臺北市中正區,26645,33.06%,臺北市中正區幸福里,796,33.84%
臺北市,李應元,01,M,1952,民主進步黨,488811,35.89%,N,N,臺北市中正區,26645,33.06%,臺北市中正區幸市里,1135,48.94%
臺北市,李應元,01,M,1952,民主進步黨,488811,35.89%,N,N,臺北市中正區,26645,33.06%,臺北市中正區東門里,618,25.32%
臺北市,李應元,01,M,1952,民主進步黨,488811,35.89%,N,N,臺北市中正區,26645,33.06%,臺北市中正區文北里,993,37.37%
臺北市,李應元,01,M,1952,民主進步黨,488811,35.89%,N,N,臺北市中正區,26645,33.06%,臺北市中正區文祥里,1324,35.29%
臺北市,李應元,01,M,1952,民主進步黨,488811,35.89%,N,N,臺北市中正區,26645,33.06%,臺北市中正區三愛里,1475,36.17%
臺北市,李應元,01,M,1952,民主進步黨,488811,35.89%,N,N,臺北市大同區,32912,48.65%,臺北市大同區玉泉里,775,41.55%
臺北市,李應元,01,M,1952,民主進步黨,488811,35.89%,N,N,臺北市大同區,32912,48.65%,臺北市大同區建明里,957,50.53%
臺北市,李應元,01,M,1952,民主進步黨,488811,35.89%,N,N,臺北市大同區,32912,48.65%,臺北市大同區建功里,1241,47.24%
臺北市,李應元,01,M,1952,民主進步黨,488811,35.89%,N,N,臺北市大同區,32912,48.65%,臺北市大同區建泰里,1029,50.94%
臺北市,李應元,01,M,1952,民主進步黨,488811,35.89%,N,N,臺北市大同區,32912,48.65%,臺北市大同區永樂里,1474,50.39%
臺北市,李應元,01,M,1952,民主進步黨,488811,35.89%,N,N,臺北市大同區,32912,48.65%,臺北市大同區朝陽里,1027,47.55%
臺北市,李應元,01,M,1952,民主進步黨,488811,35.89%,N,N,臺北市大同區,32912,48.65%,臺北市大同區星明里,1182,45.17%
臺北市,李應元,01,M,1952,民主進步黨,488811,35.89%,N,N,臺北市大同區,32912,48.65%,臺北市大同區光能里,1477,49.22%
臺北市,李應元,01,M,1952,民主進步黨,488811,35.89%,N,N,臺北市大同區,32912,48.65%,臺北市大同區大有里,1433,50.09%
臺北市,李應元,01,M,1952,民主進步黨,488811,35.89%,N,N,臺北市大同區,32912,48.65%,臺北市大同區延平里,932,44.13%
臺北市,李應元,01,M,1952,民主進步黨,488811,35.89%,N,N,臺北市大同區,32912,48.65%,臺北市大同區雙連里,2492,47.95%
臺北市,李應元,01,M,1952,民主進步黨,488811,35.89%,N,N,臺北市大同區,32912,48.65%,臺北市大同區南芳里,1018,47.04%
臺北市,李應元,01,M,1952,民主進步黨,488811,35.89%,N,N,臺北市大同區,32912,48.65%,臺北市大同區民權里,1469,41.74%
臺北市,李應元,01,M,1952,民主進步黨,488811,35.89%,N,N,臺北市大同區,32912,48.65%,臺北市大同區景星里,831,50.24%
臺北市,李應元,01,M,1952,民主進步黨,488811,35.89%,N,N,臺北市大同區,32912,48.65%,臺北市大同區隆和里,980,52.29%
臺北市,李應元,01,M,1952,民主進步黨,488811,35.89%,N,N,臺北市大同區,32912,48.65%,臺北市大同區蓬萊里,1304,49.11%
臺北市,李應元,01,M,1952,民主進步黨,488811,35.89%,N,N,臺北市大同區,32912,48.65%,臺北市大同區國順里,1027,56.9%
臺北市,李應元,01,M,1952,民主進步黨,488811,35.89%,N,N,臺北市大同區,32912,48.65%,臺北市大同區國慶里,1040,48.04%
臺北市,李應元,01,M,1952,民主進步黨,488811,35.89%,N,N,臺北市大同區,32912,48.65%,臺北市大同區揚雅里,967,51.55%
臺北市,李應元,01,M,1952,民主進步黨,488811,35.89%,N,N,臺北市大同區,32912,48.65%,臺北市大同區斯文里,1597,50.57%
臺北市,李應元,01,M,1952,民主進步黨,488811,35.89%,N,N,臺北市大同區,32912,48.65%,臺北市大同區鄰江里,1931,51.88%
臺北市,李應元,01,M,1952,民主進步黨,488811,35.89%,N,N,臺北市大同區,32912,48.65%,臺北市大同區至聖里,2201,48.91%
臺北市,李應元,01,M,1952,民主進步黨,488811,35.89%,N,N,臺北市大同區,32912,48.65%,臺北市大同區老師里,1659,50.02%
臺北市,李應元,01,M,1952,民主進步黨,488811,35.89%,N,N,臺北市大同區,32912,48.65%,臺北市大同區重慶里,1504,44.66%
臺北市,李應元,01,M,1952,民主進步黨,488811,35.89%,N,N,臺北市大同區,32912,48.65%,臺北市大同區保安里,1365,52.72%
臺北市,李應元,01,M,1952,民主進步黨,488811,35.89%,N,N,臺北市萬華區,43813,40.12%,臺北市萬華區福星里,977,36.15%
臺北市,李應元,01,M,1952,民主進步黨,488811,35.89%,N,N,臺北市萬華區,43813,40.12%,臺北市萬華區萬壽里,644,38.22%
臺北市,李應元,01,M,1952,民主進步黨,488811,35.89%,N,N,臺北市萬華區,43813,40.12%,臺北市萬華區西門里,636,34.08%
臺北市,李應元,01,M,1952,民主進步黨,488811,35.89%,N,N,臺北市萬華區,43813,40.12%,臺北市萬華區新起里,1430,36.99%
臺北市,李應元,01,M,1952,民主進步黨,488811,35.89%,N,N,臺北市萬華區,43813,40.12%,臺北市萬華區菜園里,1491,43.76%
臺北市,李應元,01,M,1952,民主進步黨,488811,35.89%,N,N,臺北市萬華區,43813,40.12%,臺北市萬華區青山里,1363,45.1%
臺北市,李應元,01,M,1952,民主進步黨,488811,35.89%,N,N,臺北市萬華區,43813,40.12%,臺北市萬華區富民里,1471,48.66%
臺北市,李應元,01,M,1952,民主進步黨,488811,35.89%,N,N,臺北市萬華區,43813,40.12%,臺北市萬華區福音里,989,44.01%
臺北市,李應元,01,M,1952,民主進步黨,488811,35.89%,N,N,臺北市萬華區,43813,40.12%,臺北市萬華區仁德里,1117,42.47%
臺北市,李應元,01,M,1952,民主進步黨,488811,35.89%,N,N,臺北市萬華區,43813,40.12%,臺北市萬華區富福里,1353,47.56%
臺北市,李應元,01,M,1952,民主進步黨,488811,35.89%,N,N,臺北市萬華區,43813,40.12%,臺北市萬華區頂碩里,2403,50.79%
臺北市,李應元,01,M,1952,民主進步黨,488811,35.89%,N,N,臺北市萬華區,43813,40.12%,臺北市萬華區雙園里,1387,45.75%
臺北市,李應元,01,M,1952,民主進步黨,488811,35.89%,N,N,臺北市萬華區,43813,40.12%,臺北市萬華區新忠里,327,13.46%
臺北市,李應元,01,M,1952,民主進步黨,488811,35.89%,N,N,臺北市萬華區,43813,40.12%,臺北市萬華區新和里,901,16.58%
臺北市,李應元,01,M,1952,民主進步黨,488811,35.89%,N,N,臺北市萬華區,43813,40.12%,臺北市萬華區糖部里,1357,42.54%
臺北市,李應元,01,M,1952,民主進步黨,488811,35.89%,N,N,臺北市萬華區,43813,40.12%,臺北市萬華區和平里,2117,49.45%
臺北市,李應元,01,M,1952,民主進步黨,488811,35.89%,N,N,臺北市萬華區,43813,40.12%,臺北市萬華區綠堤里,1017,38.22%
臺北市,李應元,01,M,1952,民主進步黨,488811,35.89%,N,N,臺北市萬華區,43813,40.12%,臺北市萬華區華江里,2153,43.65%
臺北市,李應元,01,M,1952,民主進步黨,488811,35.89%,N,N,臺北市萬華區,43813,40.12%,臺北市萬華區柳鄉里,1495,47.01%
臺北市,李應元,01,M,1952,民主進步黨,488811,35.89%,N,N,臺北市萬華區,43813,40.12%,臺北市萬華區日善里,997,43.79%
臺北市,李應元,01,M,1952,民主進步黨,488811,35.89%,N,N,臺北市萬華區,43813,40.12%,臺北市萬華區新安里,1754,44.54%
臺北市,李應元,01,M,1952,民主進步黨,488811,35.89%,N,N,臺北市萬華區,43813,40.12%,臺北市萬華區忠德里,1299,47.93%
臺北市,李應元,01,M,1952,民主進步黨,488811,35.89%,N,N,臺北市萬華區,43813,40.12%,臺北市萬華區孝德里,961,50.05%
臺北市,李應元,01,M,1952,民主進步黨,488811,35.89%,N,N,臺北市萬華區,43813,40.12%,臺北市萬華區和德里,1837,46.79%
臺北市,李應元,01,M,1952,民主進步黨,488811,35.89%,N,N,臺北市萬華區,43813,40.12%,臺北市萬華區錦德里,1363,43.2%
臺北市,李應元,01,M,1952,民主進步黨,488811,35.89%,N,N,臺北市萬華區,43813,40.12%,臺北市萬華區全德里,1026,42.4%
臺北市,李應元,01,M,1952,民主進步黨,488811,35.89%,N,N,臺北市萬華區,43813,40.12%,臺北市萬華區保德里,762,43.05%
臺北市,李應元,01,M,1952,民主進步黨,488811,35.89%,N,N,臺北市萬華區,43813,40.12%,臺北市萬華區銘德里,1232,43.38%
臺北市,李應元,01,M,1952,民主進步黨,488811,35.89%,N,N,臺北市萬華區,43813,40.12%,臺北市萬華區榮德里,1062,44.01%
臺北市,李應元,01,M,1952,民主進步黨,488811,35.89%,N,N,臺北市萬華區,43813,40.12%,臺北市萬華區壽德里,1222,41.86%
臺北市,李應元,01,M,1952,民主進步黨,488811,35.89%,N,N,臺北市萬華區,43813,40.12%,臺北市萬華區興德里,1267,44.33%
臺北市,李應元,01,M,1952,民主進步黨,488811,35.89%,N,N,臺北市萬華區,43813,40.12%,臺北市萬華區華中里,1696,45.62%
臺北市,李應元,01,M,1952,民主進步黨,488811,35.89%,N,N,臺北市萬華區,43813,40.12%,臺北市萬華區日祥里,894,25.22%
臺北市,李應元,01,M,1952,民主進步黨,488811,35.89%,N,N,臺北市萬華區,43813,40.12%,臺北市萬華區忠貞里,723,22.27%
臺北市,李應元,01,M,1952,民主進步黨,488811,35.89%,N,N,臺北市萬華區,43813,40.12%,臺北市萬華區凌霄里,599,23.71%
臺北市,李應元,01,M,1952,民主進步黨,488811,35.89%,N,N,臺北市萬華區,43813,40.12%,臺北市萬華區騰雲里,491,26.38%
臺北市,李應元,01,M,1952,民主進步黨,488811,35.89%,N,N,臺北市文山區,35611,26.75%,臺北市文山區景行里,1209,40.18%
臺北市,李應元,01,M,1952,民主進步黨,488811,35.89%,N,N,臺北市文山區,35611,26.75%,臺北市文山區景東里,856,23.24%
臺北市,李應元,01,M,1952,民主進步黨,488811,35.89%,N,N,臺北市文山區,35611,26.75%,臺北市文山區景美里,788,31.27%
臺北市,李應元,01,M,1952,民主進步黨,488811,35.89%,N,N,臺北市文山區,35611,26.75%,臺北市文山區景慶里,1020,28.6%
臺北市,李應元,01,M,1952,民主進步黨,488811,35.89%,N,N,臺北市文山區,35611,26.75%,臺北市文山區景仁里,736,27.51%
臺北市,李應元,01,M,1952,民主進步黨,488811,35.89%,N,N,臺北市文山區,35611,26.75%,臺北市文山區景華里,877,27.91%
臺北市,李應元,01,M,1952,民主進步黨,488811,35.89%,N,N,臺北市文山區,35611,26.75%,臺北市文山區萬有里,791,28.94%
臺北市,李應元,01,M,1952,民主進步黨,488811,35.89%,N,N,臺北市文山區,35611,26.75%,臺北市文山區萬祥里,727,28.87%
臺北市,李應元,01,M,1952,民主進步黨,488811,35.89%,N,N,臺北市文山區,35611,26.75%,臺北市文山區萬隆里,1019,25.82%
臺北市,李應元,01,M,1952,民主進步黨,488811,35.89%,N,N,臺北市文山區,35611,26.75%,臺北市文山區萬年里,935,31.55%
臺北市,李應元,01,M,1952,民主進步黨,488811,35.89%,N,N,臺北市文山區,35611,26.75%,臺北市文山區萬和里,347,16.46%
臺北市,李應元,01,M,1952,民主進步黨,488811,35.89%,N,N,臺北市文山區,35611,26.75%,臺北市文山區萬盛里,705,25.51%
臺北市,李應元,01,M,1952,民主進步黨,488811,35.89%,N,N,臺北市文山區,35611,26.75%,臺北市文山區興豐里,1228,25.05%
臺北市,李應元,01,M,1952,民主進步黨,488811,35.89%,N,N,臺北市文山區,35611,26.75%,臺北市文山區興光里,468,26.5%
臺北市,李應元,01,M,1952,民主進步黨,488811,35.89%,N,N,臺北市文山區,35611,26.75%,臺北市文山區興家里,968,23.27%
臺北市,李應元,01,M,1952,民主進步黨,488811,35.89%,N,N,臺北市文山區,35611,26.75%,臺北市文山區興得里,848,24.5%
臺北市,李應元,01,M,1952,民主進步黨,488811,35.89%,N,N,臺北市文山區,35611,26.75%,臺北市文山區興業里,584,18.65%
臺北市,李應元,01,M,1952,民主進步黨,488811,35.89%,N,N,臺北市文山區,35611,26.75%,臺北市文山區興安里,847,23.75%
臺北市,李應元,01,M,1952,民主進步黨,488811,35.89%,N,N,臺北市文山區,35611,26.75%,臺北市文山區興福里,974,28.61%
臺北市,李應元,01,M,1952,民主進步黨,488811,35.89%,N,N,臺北市文山區,35611,26.75%,臺北市文山區興旺里,1621,41.57%
臺北市,李應元,01,M,1952,民主進步黨,488811,35.89%,N,N,臺北市文山區,35611,26.75%,臺北市文山區興泰里,495,22.93%
臺北市,李應元,01,M,1952,民主進步黨,488811,35.89%,N,N,臺北市文山區,35611,26.75%,臺北市文山區興昌里,740,22.3%
臺北市,李應元,01,M,1952,民主進步黨,488811,35.89%,N,N,臺北市文山區,35611,26.75%,臺北市文山區試院里,755,20.91%
臺北市,李應元,01,M,1952,民主進步黨,488811,35.89%,N,N,臺北市文山區,35611,26.75%,臺北市文山區華興里,1051,25.04%
臺北市,李應元,01,M,1952,民主進步黨,488811,35.89%,N,N,臺北市文山區,35611,26.75%,臺北市文山區明義里,593,23.15%
臺北市,李應元,01,M,1952,民主進步黨,488811,35.89%,N,N,臺北市文山區,35611,26.75%,臺北市文山區明興里,886,22.57%
臺北市,李應元,01,M,1952,民主進步黨,488811,35.89%,N,N,臺北市文山區,35611,26.75%,臺北市文山區木柵里,984,22.68%
臺北市,李應元,01,M,1952,民主進步黨,488811,35.89%,N,N,臺北市文山區,35611,26.75%,臺北市文山區木新里,1492,30.57%
臺北市,李應元,01,M,1952,民主進步黨,488811,35.89%,N,N,臺北市文山區,35611,26.75%,臺北市文山區順興里,1148,29.16%
臺北市,李應元,01,M,1952,民主進步黨,488811,35.89%,N,N,臺北市文山區,35611,26.75%,臺北市文山區樟林里,1143,24.06%
臺北市,李應元,01,M,1952,民主進步黨,488811,35.89%,N,N,臺北市文山區,35611,26.75%,臺北市文山區樟新里,1757,28.22%
臺北市,李應元,01,M,1952,民主進步黨,488811,35.89%,N,N,臺北市文山區,35611,26.75%,臺北市文山區樟腳里,1518,28.77%
臺北市,李應元,01,M,1952,民主進步黨,488811,35.89%,N,N,臺北市文山區,35611,26.75%,臺北市文山區萬芳里,932,23.38%
臺北市,李應元,01,M,1952,民主進步黨,488811,35.89%,N,N,臺北市文山區,35611,26.75%,臺北市文山區博嘉里,759,29.07%
臺北市,李應元,01,M,1952,民主進步黨,488811,35.89%,N,N,臺北市文山區,35611,26.75%,臺北市文山區萬興里,1607,28.71%
臺北市,李應元,01,M,1952,民主進步黨,488811,35.89%,N,N,臺北市文山區,35611,26.75%,臺北市文山區指南里,655,39.17%
臺北市,李應元,01,M,1952,民主進步黨,488811,35.89%,N,N,臺北市文山區,35611,26.75%,臺北市文山區老泉里,247,49.8%
臺北市,李應元,01,M,1952,民主進步黨,488811,35.89%,N,N,臺北市文山區,35611,26.75%,臺北市文山區忠順里,422,19.78%
臺北市,李應元,01,M,1952,民主進步黨,488811,35.89%,N,N,臺北市文山區,35611,26.75%,臺北市文山區萬美里,879,24.94%
臺北市,李應元,01,M,1952,民主進步黨,488811,35.89%,N,N,臺北市南港區,20325,34.26%,臺北市南港區南港里,1175,36.91%
臺北市,李應元,01,M,1952,民主進步黨,488811,35.89%,N,N,臺北市南港區,20325,34.26%,臺北市南港區中南里,933,38.97%
臺北市,李應元,01,M,1952,民主進步黨,488811,35.89%,N,N,臺北市南港區,20325,34.26%,臺北市南港區新富里,962,40.61%
臺北市,李應元,01,M,1952,民主進步黨,488811,35.89%,N,N,臺北市南港區,20325,34.26%,臺北市南港區三重里,749,38.19%
臺北市,李應元,01,M,1952,民主進步黨,488811,35.89%,N,N,臺北市南港區,20325,34.26%,臺北市南港區東新里,1293,33.83%
臺北市,李應元,01,M,1952,民主進步黨,488811,35.89%,N,N,臺北市南港區,20325,34.26%,臺北市南港區新光里,713,29.16%
臺北市,李應元,01,M,1952,民主進步黨,488811,35.89%,N,N,臺北市南港區,20325,34.26%,臺北市南港區東明里,811,30.57%
臺北市,李應元,01,M,1952,民主進步黨,488811,35.89%,N,N,臺北市南港區,20325,34.26%,臺北市南港區西新里,1139,45.87%
臺北市,李應元,01,M,1952,民主進步黨,488811,35.89%,N,N,臺北市南港區,20325,34.26%,臺北市南港區玉成里,1057,39.65%
臺北市,李應元,01,M,1952,民主進步黨,488811,35.89%,N,N,臺北市南港區,20325,34.26%,臺北市南港區合成里,1340,37.33%
臺北市,李應元,01,M,1952,民主進步黨,488811,35.89%,N,N,臺北市南港區,20325,34.26%,臺北市南港區成福里,1327,30.69%
臺北市,李應元,01,M,1952,民主進步黨,488811,35.89%,N,N,臺北市南港區,20325,34.26%,臺北市南港區萬福里,742,29.18%
臺北市,李應元,01,M,1952,民主進步黨,488811,35.89%,N,N,臺北市南港區,20325,34.26%,臺北市南港區鴻福里,979,36.5%
臺北市,李應元,01,M,1952,民主進步黨,488811,35.89%,N,N,臺北市南港區,20325,34.26%,臺北市南港區百福里,1050,36.01%
臺北市,李應元,01,M,1952,民主進步黨,488811,35.89%,N,N,臺北市南港區,20325,34.26%,臺北市南港區聯成里,993,31.68%
臺北市,李應元,01,M,1952,民主進步黨,488811,35.89%,N,N,臺北市南港區,20325,34.26%,臺北市南港區舊莊里,1643,34.95%
臺北市,李應元,01,M,1952,民主進步黨,488811,35.89%,N,N,臺北市南港區,20325,34.26%,臺北市南港區中研里,1723,32.72%
臺北市,李應元,01,M,1952,民主進步黨,488811,35.89%,N,N,臺北市南港區,20325,34.26%,臺北市南港區九如里,905,27.98%
臺北市,李應元,01,M,1952,民主進步黨,488811,35.89%,N,N,臺北市南港區,20325,34.26%,臺北市南港區仁福里,791,26.77%
臺北市,李應元,01,M,1952,民主進步黨,488811,35.89%,N,N,臺北市內湖區,42894,33.46%,臺北市內湖區西湖里,1697,38.99%
臺北市,李應元,01,M,1952,民主進步黨,488811,35.89%,N,N,臺北市內湖區,42894,33.46%,臺北市內湖區西康里,1305,29.57%
臺北市,李應元,01,M,1952,民主進步黨,488811,35.89%,N,N,臺北市內湖區,42894,33.46%,臺北市內湖區西安里,1120,32.75%
臺北市,李應元,01,M,1952,民主進步黨,488811,35.89%,N,N,臺北市內湖區,42894,33.46%,臺北市內湖區港墘里,1135,36.1%
臺北市,李應元,01,M,1952,民主進步黨,488811,35.89%,N,N,臺北市內湖區,42894,33.46%,臺北市內湖區港都里,1075,37.09%
臺北市,李應元,01,M,1952,民主進步黨,488811,35.89%,N,N,臺北市內湖區,42894,33.46%,臺北市內湖區港富里,1932,38.42%
臺北市,李應元,01,M,1952,民主進步黨,488811,35.89%,N,N,臺北市內湖區,42894,33.46%,臺北市內湖區港華里,1539,34.87%
臺北市,李應元,01,M,1952,民主進步黨,488811,35.89%,N,N,臺北市內湖區,42894,33.46%,臺北市內湖區內湖里,906,29.63%
臺北市,李應元,01,M,1952,民主進步黨,488811,35.89%,N,N,臺北市內湖區,42894,33.46%,臺北市內湖區湖濱里,1132,27.66%
臺北市,李應元,01,M,1952,民主進步黨,488811,35.89%,N,N,臺北市內湖區,42894,33.46%,臺北市內湖區紫星里,1596,34.34%
臺北市,李應元,01,M,1952,民主進步黨,488811,35.89%,N,N,臺北市內湖區,42894,33.46%,臺北市內湖區大湖里,848,31.55%
臺北市,李應元,01,M,1952,民主進步黨,488811,35.89%,N,N,臺北市內湖區,42894,33.46%,臺北市內湖區金龍里,1033,32.62%
臺北市,李應元,01,M,1952,民主進步黨,488811,35.89%,N,N,臺北市內湖區,42894,33.46%,臺北市內湖區金瑞里,1140,32.49%
臺北市,李應元,01,M,1952,民主進步黨,488811,35.89%,N,N,臺北市內湖區,42894,33.46%,臺北市內湖區碧山里,1229,32.87%
臺北市,李應元,01,M,1952,民主進步黨,488811,35.89%,N,N,臺北市內湖區,42894,33.46%,臺北市內湖區紫雲里,771,23.38%
臺北市,李應元,01,M,1952,民主進步黨,488811,35.89%,N,N,臺北市內湖區,42894,33.46%,臺北市內湖區清白里,1003,28.69%
臺北市,李應元,01,M,1952,民主進步黨,488811,35.89%,N,N,臺北市內湖區,42894,33.46%,臺北市內湖區葫洲里,1372,28.69%
臺北市,李應元,01,M,1952,民主進步黨,488811,35.89%,N,N,臺北市內湖區,42894,33.46%,臺北市內湖區紫陽里,1743,44.35%
臺北市,李應元,01,M,1952,民主進步黨,488811,35.89%,N,N,臺北市內湖區,42894,33.46%,臺北市內湖區瑞陽里,1059,21.84%
臺北市,李應元,01,M,1952,民主進步黨,488811,35.89%,N,N,臺北市內湖區,42894,33.46%,臺北市內湖區瑞光里,683,24.64%
臺北市,李應元,01,M,1952,民主進步黨,488811,35.89%,N,N,臺北市內湖區,42894,33.46%,臺北市內湖區五分里,1663,35.71%
臺北市,李應元,01,M,1952,民主進步黨,488811,35.89%,N,N,臺北市內湖區,42894,33.46%,臺北市內湖區東湖里,1403,34.96%
臺北市,李應元,01,M,1952,民主進步黨,488811,35.89%,N,N,臺北市內湖區,42894,33.46%,臺北市內湖區樂康里,1429,34.99%
臺北市,李應元,01,M,1952,民主進步黨,488811,35.89%,N,N,臺北市內湖區,42894,33.46%,臺北市內湖區內溝里,748,33.79%
臺北市,李應元,01,M,1952,民主進步黨,488811,35.89%,N,N,臺北市內湖區,42894,33.46%,臺北市內湖區週美里,1335,49.72%
臺北市,李應元,01,M,1952,民主進步黨,488811,35.89%,N,N,臺北市內湖區,42894,33.46%,臺北市內湖區行善里,1363,37.91%
臺北市,李應元,01,M,1952,民主進步黨,488811,35.89%,N,N,臺北市內湖區,42894,33.46%,臺北市內湖區石潭里,751,49.9%
臺北市,李應元,01,M,1952,民主進步黨,488811,35.89%,N,N,臺北市內湖區,42894,33.46%,臺北市內湖區湖興里,1628,35.47%
臺北市,李應元,01,M,1952,民主進步黨,488811,35.89%,N,N,臺北市內湖區,42894,33.46%,臺北市內湖區湖元里,962,34.98%
臺北市,李應元,01,M,1952,民主進步黨,488811,35.89%,N,N,臺北市內湖區,42894,33.46%,臺北市內湖區安湖里,1184,32.57%
臺北市,李應元,01,M,1952,民主進步黨,488811,35.89%,N,N,臺北市內湖區,42894,33.46%,臺北市內湖區秀湖里,1073,32.5%
臺北市,李應元,01,M,1952,民主進步黨,488811,35.89%,N,N,臺北市內湖區,42894,33.46%,臺北市內湖區安泰里,787,31.37%
臺北市,李應元,01,M,1952,民主進步黨,488811,35.89%,N,N,臺北市內湖區,42894,33.46%,臺北市內湖區金湖里,828,28.29%
臺北市,李應元,01,M,1952,民主進步黨,488811,35.89%,N,N,臺北市內湖區,42894,33.46%,臺北市內湖區康寧里,1225,30.45%
臺北市,李應元,01,M,1952,民主進步黨,488811,35.89%,N,N,臺北市內湖區,42894,33.46%,臺北市內湖區明湖里,829,32.69%
臺北市,李應元,01,M,1952,民主進步黨,488811,35.89%,N,N,臺北市內湖區,42894,33.46%,臺北市內湖區蘆洲里,204,38.93%
臺北市,李應元,01,M,1952,民主進步黨,488811,35.89%,N,N,臺北市內湖區,42894,33.46%,臺北市內湖區麗山里,1164,39.4%
臺北市,李應元,01,M,1952,民主進步黨,488811,35.89%,N,N,臺北市士林區,64514,42.4%,臺北市士林區仁勇里,1217,46.05%
臺北市,李應元,01,M,1952,民主進步黨,488811,35.89%,N,N,臺北市士林區,64514,42.4%,臺北市士林區義信里,737,41.54%
臺北市,李應元,01,M,1952,民主進步黨,488811,35.89%,N,N,臺北市士林區,64514,42.4%,臺北市士林區福林里,715,31.05%
臺北市,李應元,01,M,1952,民主進步黨,488811,35.89%,N,N,臺北市士林區,64514,42.4%,臺北市士林區福德里,1033,40.12%
臺北市,李應元,01,M,1952,民主進步黨,488811,35.89%,N,N,臺北市士林區,64514,42.4%,臺北市士林區福志里,1537,38.28%
臺北市,李應元,01,M,1952,民主進步黨,488811,35.89%,N,N,臺北市士林區,64514,42.4%,臺北市士林區舊佳里,1687,43.52%
臺北市,李應元,01,M,1952,民主進步黨,488811,35.89%,N,N,臺北市士林區,64514,42.4%,臺北市士林區福佳里,1831,42.56%
臺北市,李應元,01,M,1952,民主進步黨,488811,35.89%,N,N,臺北市士林區,64514,42.4%,臺北市士林區後港里,2100,47.85%
臺北市,李應元,01,M,1952,民主進步黨,488811,35.89%,N,N,臺北市士林區,64514,42.4%,臺北市士林區福中里,1555,49.57%
臺北市,李應元,01,M,1952,民主進步黨,488811,35.89%,N,N,臺北市士林區,64514,42.4%,臺北市士林區前港里,1195,47.29%
臺北市,李應元,01,M,1952,民主進步黨,488811,35.89%,N,N,臺北市士林區,64514,42.4%,臺北市士林區百齡里,1877,45.87%
臺北市,李應元,01,M,1952,民主進步黨,488811,35.89%,N,N,臺北市士林區,64514,42.4%,臺北市士林區承德里,1201,40.25%
臺北市,李應元,01,M,1952,民主進步黨,488811,35.89%,N,N,臺北市士林區,64514,42.4%,臺北市士林區福華里,1541,40.42%
臺北市,李應元,01,M,1952,民主進步黨,488811,35.89%,N,N,臺北市士林區,64514,42.4%,臺北市士林區明勝里,1296,46.55%
臺北市,李應元,01,M,1952,民主進步黨,488811,35.89%,N,N,臺北市士林區,64514,42.4%,臺北市士林區福順里,1541,51.9%
臺北市,李應元,01,M,1952,民主進步黨,488811,35.89%,N,N,臺北市士林區,64514,42.4%,臺北市士林區富光里,1635,49.16%
臺北市,李應元,01,M,1952,民主進步黨,488811,35.89%,N,N,臺北市士林區,64514,42.4%,臺北市士林區葫蘆里,1764,41.62%
臺北市,李應元,01,M,1952,民主進步黨,488811,35.89%,N,N,臺北市士林區,64514,42.4%,臺北市士林區葫東里,1125,50.34%
臺北市,李應元,01,M,1952,民主進步黨,488811,35.89%,N,N,臺北市士林區,64514,42.4%,臺北市士林區社子里,1674,47.99%
臺北市,李應元,01,M,1952,民主進步黨,488811,35.89%,N,N,臺北市士林區,64514,42.4%,臺北市士林區社新里,2284,49.44%
臺北市,李應元,01,M,1952,民主進步黨,488811,35.89%,N,N,臺北市士林區,64514,42.4%,臺北市士林區社園里,2048,50.49%
臺北市,李應元,01,M,1952,民主進步黨,488811,35.89%,N,N,臺北市士林區,64514,42.4%,臺北市士林區永倫里,2132,50.96%
臺北市,李應元,01,M,1952,民主進步黨,488811,35.89%,N,N,臺北市士林區,64514,42.4%,臺北市士林區福安里,1972,66.49%
臺北市,李應元,01,M,1952,民主進步黨,488811,35.89%,N,N,臺北市士林區,64514,42.4%,臺北市士林區富洲里,1872,57.72%
臺北市,李應元,01,M,1952,民主進步黨,488811,35.89%,N,N,臺北市士林區,64514,42.4%,臺北市士林區岩山里,645,30.83%
臺北市,李應元,01,M,1952,民主進步黨,488811,35.89%,N,N,臺北市士林區,64514,42.4%,臺北市士林區名山里,1485,36.69%
臺北市,李應元,01,M,1952,民主進步黨,488811,35.89%,N,N,臺北市士林區,64514,42.4%,臺北市士林區德行里,998,42.36%
臺北市,李應元,01,M,1952,民主進步黨,488811,35.89%,N,N,臺北市士林區,64514,42.4%,臺北市士林區德華里,1394,44.49%
臺北市,李應元,01,M,1952,民主進步黨,488811,35.89%,N,N,臺北市士林區,64514,42.4%,臺北市士林區聖山里,846,28.06%
臺北市,李應元,01,M,1952,民主進步黨,488811,35.89%,N,N,臺北市士林區,64514,42.4%,臺北市士林區忠誠里,817,24.66%
臺北市,李應元,01,M,1952,民主進步黨,488811,35.89%,N,N,臺北市士林區,64514,42.4%,臺北市士林區芝山里,1439,36.33%
臺北市,李應元,01,M,1952,民主進步黨,488811,35.89%,N,N,臺北市士林區,64514,42.4%,臺北市士林區東山里,799,28.55%
臺北市,李應元,01,M,1952,民主進步黨,488811,35.89%,N,N,臺北市士林區,64514,42.4%,臺北市士林區三玉里,1254,40.12%
臺北市,李應元,01,M,1952,民主進步黨,488811,35.89%,N,N,臺北市士林區,64514,42.4%,臺北市士林區蘭雅里,1816,39.19%
臺北市,李應元,01,M,1952,民主進步黨,488811,35.89%,N,N,臺北市士林區,64514,42.4%,臺北市士林區蘭興里,1552,43.76%
臺北市,李應元,01,M,1952,民主進步黨,488811,35.89%,N,N,臺北市士林區,64514,42.4%,臺北市士林區天福里,1284,36.97%
臺北市,李應元,01,M,1952,民主進步黨,488811,35.89%,N,N,臺北市士林區,64514,42.4%,臺北市士林區天祿里,1198,41.04%
臺北市,李應元,01,M,1952,民主進步黨,488811,35.89%,N,N,臺北市士林區,64514,42.4%,臺北市士林區天壽里,1018,39.24%
臺北市,李應元,01,M,1952,民主進步黨,488811,35.89%,N,N,臺北市士林區,64514,42.4%,臺北市士林區天和里,1488,37.11%
臺北市,李應元,01,M,1952,民主進步黨,488811,35.89%,N,N,臺北市士林區,64514,42.4%,臺北市士林區天山里,1412,39.1%
臺北市,李應元,01,M,1952,民主進步黨,488811,35.89%,N,N,臺北市士林區,64514,42.4%,臺北市士林區天玉里,1663,37%
臺北市,李應元,01,M,1952,民主進步黨,488811,35.89%,N,N,臺北市士林區,64514,42.4%,臺北市士林區天母里,1313,36.54%
臺北市,李應元,01,M,1952,民主進步黨,488811,35.89%,N,N,臺北市士林區,64514,42.4%,臺北市士林區永福里,416,54.24%
臺北市,李應元,01,M,1952,民主進步黨,488811,35.89%,N,N,臺北市士林區,64514,42.4%,臺北市士林區公館里,474,54.3%
臺北市,李應元,01,M,1952,民主進步黨,488811,35.89%,N,N,臺北市士林區,64514,42.4%,臺北市士林區新安里,581,47.55%
臺北市,李應元,01,M,1952,民主進步黨,488811,35.89%,N,N,臺北市士林區,64514,42.4%,臺北市士林區陽明里,730,39.33%
臺北市,李應元,01,M,1952,民主進步黨,488811,35.89%,N,N,臺北市士林區,64514,42.4%,臺北市士林區菁山里,439,44.93%
臺北市,李應元,01,M,1952,民主進步黨,488811,35.89%,N,N,臺北市士林區,64514,42.4%,臺北市士林區平等里,590,64.06%
臺北市,李應元,01,M,1952,民主進步黨,488811,35.89%,N,N,臺北市士林區,64514,42.4%,臺北市士林區溪山里,420,47.84%
臺北市,李應元,01,M,1952,民主進步黨,488811,35.89%,N,N,臺北市士林區,64514,42.4%,臺北市士林區翠山里,298,16.39%
臺北市,李應元,01,M,1952,民主進步黨,488811,35.89%,N,N,臺北市士林區,64514,42.4%,臺北市士林區臨溪里,576,36.02%
臺北市,李應元,01,M,1952,民主進步黨,488811,35.89%,N,N,臺北市北投區,51208,39.37%,臺北市北投區建民里,1277,47.33%
臺北市,李應元,01,M,1952,民主進步黨,488811,35.89%,N,N,臺北市北投區,51208,39.37%,臺北市北投區文林里,1180,46.2%
臺北市,李應元,01,M,1952,民主進步黨,488811,35.89%,N,N,臺北市北投區,51208,39.37%,臺北市北投區石牌里,1331,44.12%
臺北市,李應元,01,M,1952,民主進步黨,488811,35.89%,N,N,臺北市北投區,51208,39.37%,臺北市北投區福興里,1633,41.58%
臺北市,李應元,01,M,1952,民主進步黨,488811,35.89%,N,N,臺北市北投區,51208,39.37%,臺北市北投區榮光里,1547,39.15%
臺北市,李應元,01,M,1952,民主進步黨,488811,35.89%,N,N,臺北市北投區,51208,39.37%,臺北市北投區榮華里,1502,36.97%
臺北市,李應元,01,M,1952,民主進步黨,488811,35.89%,N,N,臺北市北投區,51208,39.37%,臺北市北投區裕民里,1485,38.51%
臺北市,李應元,01,M,1952,民主進步黨,488811,35.89%,N,N,臺北市北投區,51208,39.37%,臺北市北投區振華里,1655,37.23%
臺北市,李應元,01,M,1952,民主進步黨,488811,35.89%,N,N,臺北市北投區,51208,39.37%,臺北市北投區永和里,1736,39.68%
臺北市,李應元,01,M,1952,民主進步黨,488811,35.89%,N,N,臺北市北投區,51208,39.37%,臺北市北投區永欣里,1068,29.92%
臺北市,李應元,01,M,1952,民主進步黨,488811,35.89%,N,N,臺北市北投區,51208,39.37%,臺北市北投區永明里,955,36.89%
臺北市,李應元,01,M,1952,民主進步黨,488811,35.89%,N,N,臺北市北投區,51208,39.37%,臺北市北投區東華里,946,34.7%
臺北市,李應元,01,M,1952,民主進步黨,488811,35.89%,N,N,臺北市北投區,51208,39.37%,臺北市北投區吉利里,1202,32.54%
臺北市,李應元,01,M,1952,民主進步黨,488811,35.89%,N,N,臺北市北投區,51208,39.37%,臺北市北投區吉慶里,1304,43.96%
臺北市,李應元,01,M,1952,民主進步黨,488811,35.89%,N,N,臺北市北投區,51208,39.37%,臺北市北投區尊賢里,1225,44.1%
臺北市,李應元,01,M,1952,民主進步黨,488811,35.89%,N,N,臺北市北投區,51208,39.37%,臺北市北投區立賢里,1196,40.2%
臺北市,李應元,01,M,1952,民主進步黨,488811,35.89%,N,N,臺北市北投區,51208,39.37%,臺北市北投區立農里,2055,42.54%
臺北市,李應元,01,M,1952,民主進步黨,488811,35.89%,N,N,臺北市北投區,51208,39.37%,臺北市北投區八仙里,1224,44.57%
臺北市,李應元,01,M,1952,民主進步黨,488811,35.89%,N,N,臺北市北投區,51208,39.37%,臺北市北投區洲美里,601,56.54%
臺北市,李應元,01,M,1952,民主進步黨,488811,35.89%,N,N,臺北市北投區,51208,39.37%,臺北市北投區奇岩里,2081,39.74%
臺北市,李應元,01,M,1952,民主進步黨,488811,35.89%,N,N,臺北市北投區,51208,39.37%,臺北市北投區清江里,2138,43.01%
臺北市,李應元,01,M,1952,民主進步黨,488811,35.89%,N,N,臺北市北投區,51208,39.37%,臺北市北投區中央里,1869,44.52%
臺北市,李應元,01,M,1952,民主進步黨,488811,35.89%,N,N,臺北市北投區,51208,39.37%,臺北市北投區長安里,1311,41.03%
臺北市,李應元,01,M,1952,民主進步黨,488811,35.89%,N,N,臺北市北投區,51208,39.37%,臺北市北投區大同里,1484,44.23%
臺北市,李應元,01,M,1952,民主進步黨,488811,35.89%,N,N,臺北市北投區,51208,39.37%,臺北市北投區溫泉里,1404,39.55%
臺北市,李應元,01,M,1952,民主進步黨,488811,35.89%,N,N,臺北市北投區,51208,39.37%,臺北市北投區林泉里,509,28.23%
臺北市,李應元,01,M,1952,民主進步黨,488811,35.89%,N,N,臺北市北投區,51208,39.37%,臺北市北投區中心里,1130,36.3%
臺北市,李應元,01,M,1952,民主進步黨,488811,35.89%,N,N,臺北市北投區,51208,39.37%,臺北市北投區中庸里,1040,42.4%
臺北市,李應元,01,M,1952,民主進步黨,488811,35.89%,N,N,臺北市北投區,51208,39.37%,臺北市北投區開明里,1286,35.92%
臺北市,李應元,01,M,1952,民主進步黨,488811,35.89%,N,N,臺北市北投區,51208,39.37%,臺北市北投區中和里,981,34.97%
臺北市,李應元,01,M,1952,民主進步黨,488811,35.89%,N,N,臺北市北投區,51208,39.37%,臺北市北投區智仁里,1199,34.15%
臺北市,李應元,01,M,1952,民主進步黨,488811,35.89%,N,N,臺北市北投區,51208,39.37%,臺北市北投區秀山里,707,34.62%
臺北市,李應元,01,M,1952,民主進步黨,488811,35.89%,N,N,臺北市北投區,51208,39.37%,臺北市北投區文化里,546,21.93%
臺北市,李應元,01,M,1952,民主進步黨,488811,35.89%,N,N,臺北市北投區,51208,39.37%,臺北市北投區豐年里,917,37.19%
臺北市,李應元,01,M,1952,民主進步黨,488811,35.89%,N,N,臺北市北投區,51208,39.37%,臺北市北投區稻香里,873,31.68%
臺北市,李應元,01,M,1952,民主進步黨,488811,35.89%,N,N,臺北市北投區,51208,39.37%,臺北市北投區桃源里,1261,42.39%
臺北市,李應元,01,M,1952,民主進步黨,488811,35.89%,N,N,臺北市北投區,51208,39.37%,臺北市北投區一德里,1501,45.4%
臺北市,李應元,01,M,1952,民主進步黨,488811,35.89%,N,N,臺北市北投區,51208,39.37%,臺北市北投區關渡里,2151,38.15%
臺北市,李應元,01,M,1952,民主進步黨,488811,35.89%,N,N,臺北市北投區,51208,39.37%,臺北市北投區泉源里,620,44.54%
臺北市,李應元,01,M,1952,民主進步黨,488811,35.89%,N,N,臺北市北投區,51208,39.37%,臺北市北投區湖山里,481,40.32%
臺北市,李應元,01,M,1952,民主進步黨,488811,35.89%,N,N,臺北市北投區,51208,39.37%,臺北市北投區大屯里,372,54.71%
臺北市,李應元,01,M,1952,民主進步黨,488811,35.89%,N,N,臺北市北投區,51208,39.37%,臺北市北投區湖田里,225,43.27%
臺北市,馬英九,02,M,1950,中國國民黨,873102,64.11%,Y,Y,臺北市松山區,67464,65.01%,臺北市松山區莊敬里,2273,66.17%
臺北市,馬英九,02,M,1950,中國國民黨,873102,64.11%,Y,Y,臺北市松山區,67464,65.01%,臺北市松山區東榮里,2987,63.63%
臺北市,馬英九,02,M,1950,中國國民黨,873102,64.11%,Y,Y,臺北市松山區,67464,65.01%,臺北市松山區三民里,2649,67.98%
臺北市,馬英九,02,M,1950,中國國民黨,873102,64.11%,Y,Y,臺北市松山區,67464,65.01%,臺北市松山區新益里,1607,61.41%
臺北市,馬英九,02,M,1950,中國國民黨,873102,64.11%,Y,Y,臺北市松山區,67464,65.01%,臺北市松山區富錦里,2026,68.19%
臺北市,馬英九,02,M,1950,中國國民黨,873102,64.11%,Y,Y,臺北市松山區,67464,65.01%,臺北市松山區新東里,1800,63.94%
臺北市,馬英九,02,M,1950,中國國民黨,873102,64.11%,Y,Y,臺北市松山區,67464,65.01%,臺北市松山區富泰里,1772,70.71%
臺北市,馬英九,02,M,1950,中國國民黨,873102,64.11%,Y,Y,臺北市松山區,67464,65.01%,臺北市松山區介壽里,1499,60.79%
臺北市,馬英九,02,M,1950,中國國民黨,873102,64.11%,Y,Y,臺北市松山區,67464,65.01%,臺北市松山區精忠里,1689,68.88%
臺北市,馬英九,02,M,1950,中國國民黨,873102,64.11%,Y,Y,臺北市松山區,67464,65.01%,臺北市松山區東光里,2754,66.09%
臺北市,馬英九,02,M,1950,中國國民黨,873102,64.11%,Y,Y,臺北市松山區,67464,65.01%,臺北市松山區龍田里,2620,79.18%
臺北市,馬英九,02,M,1950,中國國民黨,873102,64.11%,Y,Y,臺北市松山區,67464,65.01%,臺北市松山區東昌里,949,61.82%
臺北市,馬英九,02,M,1950,中國國民黨,873102,64.11%,Y,Y,臺北市松山區,67464,65.01%,臺北市松山區東勢里,1479,62.14%
臺北市,馬英九,02,M,1950,中國國民黨,873102,64.11%,Y,Y,臺北市松山區,67464,65.01%,臺北市松山區中華里,2281,68.29%
臺北市,馬英九,02,M,1950,中國國民黨,873102,64.11%,Y,Y,臺北市松山區,67464,65.01%,臺北市松山區民有里,2845,61.04%
臺北市,馬英九,02,M,1950,中國國民黨,873102,64.11%,Y,Y,臺北市松山區,67464,65.01%,臺北市松山區民福里,2752,71.24%
臺北市,馬英九,02,M,1950,中國國民黨,873102,64.11%,Y,Y,臺北市松山區,67464,65.01%,臺北市松山區慈祐里,1690,51.52%
臺北市,馬英九,02,M,1950,中國國民黨,873102,64.11%,Y,Y,臺北市松山區,67464,65.01%,臺北市松山區安平里,2851,56.06%
臺北市,馬英九,02,M,1950,中國國民黨,873102,64.11%,Y,Y,臺北市松山區,67464,65.01%,臺北市松山區鵬程里,2549,75.53%
臺北市,馬英九,02,M,1950,中國國民黨,873102,64.11%,Y,Y,臺北市松山區,67464,65.01%,臺北市松山區自強里,3403,84.05%
臺北市,馬英九,02,M,1950,中國國民黨,873102,64.11%,Y,Y,臺北市松山區,67464,65.01%,臺北市松山區吉祥里,2868,64.55%
臺北市,馬英九,02,M,1950,中國國民黨,873102,64.11%,Y,Y,臺北市松山區,67464,65.01%,臺北市松山區新聚里,2550,62.16%
臺北市,馬英九,02,M,1950,中國國民黨,873102,64.11%,Y,Y,臺北市松山區,67464,65.01%,臺北市松山區復盛里,2446,66.58%
臺北市,馬英九,02,M,1950,中國國民黨,873102,64.11%,Y,Y,臺北市松山區,67464,65.01%,臺北市松山區中正里,2375,58.28%
臺北市,馬英九,02,M,1950,中國國民黨,873102,64.11%,Y,Y,臺北市松山區,67464,65.01%,臺北市松山區中崙里,1329,60.44%
臺北市,馬英九,02,M,1950,中國國民黨,873102,64.11%,Y,Y,臺北市松山區,67464,65.01%,臺北市松山區美仁里,1048,59.92%
臺北市,馬英九,02,M,1950,中國國民黨,873102,64.11%,Y,Y,臺北市松山區,67464,65.01%,臺北市松山區吉仁里,1395,63.9%
臺北市,馬英九,02,M,1950,中國國民黨,873102,64.11%,Y,Y,臺北市松山區,67464,65.01%,臺北市松山區敦化里,2312,60.05%
臺北市,馬英九,02,M,1950,中國國民黨,873102,64.11%,Y,Y,臺北市松山區,67464,65.01%,臺北市松山區復源里,1149,68.03%
臺北市,馬英九,02,M,1950,中國國民黨,873102,64.11%,Y,Y,臺北市松山區,67464,65.01%,臺北市松山區復建里,1380,66.25%
臺北市,馬英九,02,M,1950,中國國民黨,873102,64.11%,Y,Y,臺北市松山區,67464,65.01%,臺北市松山區復勢里,1961,59.99%
臺北市,馬英九,02,M,1950,中國國民黨,873102,64.11%,Y,Y,臺北市松山區,67464,65.01%,臺北市松山區福成里,906,61.8%
臺北市,馬英九,02,M,1950,中國國民黨,873102,64.11%,Y,Y,臺北市松山區,67464,65.01%,臺北市松山區松基里,1270,60.53%
臺北市,馬英九,02,M,1950,中國國民黨,873102,64.11%,Y,Y,臺北市信義區,85411,68.31%,臺北市信義區西村里,2410,84.06%
臺北市,馬英九,02,M,1950,中國國民黨,873102,64.11%,Y,Y,臺北市信義區,85411,68.31%,臺北市信義區正和里,1995,72.2%
臺北市,馬英九,02,M,1950,中國國民黨,873102,64.11%,Y,Y,臺北市信義區,85411,68.31%,臺北市信義區興隆里,1257,72.74%
臺北市,馬英九,02,M,1950,中國國民黨,873102,64.11%,Y,Y,臺北市信義區,85411,68.31%,臺北市信義區中興里,1071,67.61%
臺北市,馬英九,02,M,1950,中國國民黨,873102,64.11%,Y,Y,臺北市信義區,85411,68.31%,臺北市信義區新仁里,1747,75.76%
臺北市,馬英九,02,M,1950,中國國民黨,873102,64.11%,Y,Y,臺北市信義區,85411,68.31%,臺北市信義區興雅里,2235,65.74%
臺北市,馬英九,02,M,1950,中國國民黨,873102,64.11%,Y,Y,臺北市信義區,85411,68.31%,臺北市信義區敦厚里,1735,65.74%
臺北市,馬英九,02,M,1950,中國國民黨,873102,64.11%,Y,Y,臺北市信義區,85411,68.31%,臺北市信義區廣居里,2844,70.69%
臺北市,馬英九,02,M,1950,中國國民黨,873102,64.11%,Y,Y,臺北市信義區,85411,68.31%,臺北市信義區安康里,2696,68.03%
臺北市,馬英九,02,M,1950,中國國民黨,873102,64.11%,Y,Y,臺北市信義區,85411,68.31%,臺北市信義區六藝里,1290,61.34%
臺北市,馬英九,02,M,1950,中國國民黨,873102,64.11%,Y,Y,臺北市信義區,85411,68.31%,臺北市信義區雅祥里,1636,60.95%
臺北市,馬英九,02,M,1950,中國國民黨,873102,64.11%,Y,Y,臺北市信義區,85411,68.31%,臺北市信義區五常里,1381,64.77%
臺北市,馬英九,02,M,1950,中國國民黨,873102,64.11%,Y,Y,臺北市信義區,85411,68.31%,臺北市信義區五全里,1704,57.49%
臺北市,馬英九,02,M,1950,中國國民黨,873102,64.11%,Y,Y,臺北市信義區,85411,68.31%,臺北市信義區永吉里,1357,53.03%
臺北市,馬英九,02,M,1950,中國國民黨,873102,64.11%,Y,Y,臺北市信義區,85411,68.31%,臺北市信義區長春里,1551,61.52%
臺北市,馬英九,02,M,1950,中國國民黨,873102,64.11%,Y,Y,臺北市信義區,85411,68.31%,臺北市信義區四育里,1924,57.54%
臺北市,馬英九,02,M,1950,中國國民黨,873102,64.11%,Y,Y,臺北市信義區,85411,68.31%,臺北市信義區四維里,2141,68.73%
臺北市,馬英九,02,M,1950,中國國民黨,873102,64.11%,Y,Y,臺北市信義區,85411,68.31%,臺北市信義區永春里,1928,61.62%
臺北市,馬英九,02,M,1950,中國國民黨,873102,64.11%,Y,Y,臺北市信義區,85411,68.31%,臺北市信義區富臺里,1744,80.04%
臺北市,馬英九,02,M,1950,中國國民黨,873102,64.11%,Y,Y,臺北市信義區,85411,68.31%,臺北市信義區國業里,2800,68.46%
臺北市,馬英九,02,M,1950,中國國民黨,873102,64.11%,Y,Y,臺北市信義區,85411,68.31%,臺北市信義區松隆里,1129,68.05%
臺北市,馬英九,02,M,1950,中國國民黨,873102,64.11%,Y,Y,臺北市信義區,85411,68.31%,臺北市信義區松友里,2519,70.62%
臺北市,馬英九,02,M,1950,中國國民黨,873102,64.11%,Y,Y,臺北市信義區,85411,68.31%,臺北市信義區松光里,2092,63.28%
臺北市,馬英九,02,M,1950,中國國民黨,873102,64.11%,Y,Y,臺北市信義區,85411,68.31%,臺北市信義區中坡里,1785,65.87%
臺北市,馬英九,02,M,1950,中國國民黨,873102,64.11%,Y,Y,臺北市信義區,85411,68.31%,臺北市信義區中行里,2926,63.03%
臺北市,馬英九,02,M,1950,中國國民黨,873102,64.11%,Y,Y,臺北市信義區,85411,68.31%,臺北市信義區大道里,2432,62.86%
臺北市,馬英九,02,M,1950,中國國民黨,873102,64.11%,Y,Y,臺北市信義區,85411,68.31%,臺北市信義區大仁里,2141,67.18%
臺北市,馬英九,02,M,1950,中國國民黨,873102,64.11%,Y,Y,臺北市信義區,85411,68.31%,臺北市信義區景新里,2031,74.07%
臺北市,馬英九,02,M,1950,中國國民黨,873102,64.11%,Y,Y,臺北市信義區,85411,68.31%,臺北市信義區惠安里,2912,73.11%
臺北市,馬英九,02,M,1950,中國國民黨,873102,64.11%,Y,Y,臺北市信義區,85411,68.31%,臺北市信義區三張里,3930,72.59%
臺北市,馬英九,02,M,1950,中國國民黨,873102,64.11%,Y,Y,臺北市信義區,85411,68.31%,臺北市信義區三犁里,2050,70.91%
臺北市,馬英九,02,M,1950,中國國民黨,873102,64.11%,Y,Y,臺北市信義區,85411,68.31%,臺北市信義區六合里,2806,75.86%
臺北市,馬英九,02,M,1950,中國國民黨,873102,64.11%,Y,Y,臺北市信義區,85411,68.31%,臺北市信義區泰和里,3275,71.03%
臺北市,馬英九,02,M,1950,中國國民黨,873102,64.11%,Y,Y,臺北市信義區,85411,68.31%,臺北市信義區景聯里,1846,66.74%
臺北市,馬英九,02,M,1950,中國國民黨,873102,64.11%,Y,Y,臺北市信義區,85411,68.31%,臺北市信義區景勤里,1944,73.03%
臺北市,馬英九,02,M,1950,中國國民黨,873102,64.11%,Y,Y,臺北市信義區,85411,68.31%,臺北市信義區雙和里,3047,71.39%
臺北市,馬英九,02,M,1950,中國國民黨,873102,64.11%,Y,Y,臺北市信義區,85411,68.31%,臺北市信義區嘉興里,1226,64.53%
臺北市,馬英九,02,M,1950,中國國民黨,873102,64.11%,Y,Y,臺北市信義區,85411,68.31%,臺北市信義區黎順里,1753,70.94%
臺北市,馬英九,02,M,1950,中國國民黨,873102,64.11%,Y,Y,臺北市信義區,85411,68.31%,臺北市信義區黎平里,2748,68.12%
臺北市,馬英九,02,M,1950,中國國民黨,873102,64.11%,Y,Y,臺北市信義區,85411,68.31%,臺北市信義區黎忠里,1944,68.02%
臺北市,馬英九,02,M,1950,中國國民黨,873102,64.11%,Y,Y,臺北市信義區,85411,68.31%,臺北市信義區黎安里,1429,84.31%
臺北市,馬英九,02,M,1950,中國國民黨,873102,64.11%,Y,Y,臺北市大安區,110839,68.92%,臺北市大安區德安里,2148,69.74%
臺北市,馬英九,02,M,1950,中國國民黨,873102,64.11%,Y,Y,臺北市大安區,110839,68.92%,臺北市大安區仁慈里,1711,65.61%
臺北市,馬英九,02,M,1950,中國國民黨,873102,64.11%,Y,Y,臺北市大安區,110839,68.92%,臺北市大安區和安里,2396,70.93%
臺北市,馬英九,02,M,1950,中國國民黨,873102,64.11%,Y,Y,臺北市大安區,110839,68.92%,臺北市大安區民炤里,2629,62.58%
臺北市,馬英九,02,M,1950,中國國民黨,873102,64.11%,Y,Y,臺北市大安區,110839,68.92%,臺北市大安區仁愛里,1817,64.75%
臺北市,馬英九,02,M,1950,中國國民黨,873102,64.11%,Y,Y,臺北市大安區,110839,68.92%,臺北市大安區義村里,3076,80.67%
臺北市,馬英九,02,M,1950,中國國民黨,873102,64.11%,Y,Y,臺北市大安區,110839,68.92%,臺北市大安區民輝里,2273,64.41%
臺北市,馬英九,02,M,1950,中國國民黨,873102,64.11%,Y,Y,臺北市大安區,110839,68.92%,臺北市大安區昌隆里,1132,59.74%
臺北市,馬英九,02,M,1950,中國國民黨,873102,64.11%,Y,Y,臺北市大安區,110839,68.92%,臺北市大安區誠安里,1552,62.66%
臺北市,馬英九,02,M,1950,中國國民黨,873102,64.11%,Y,Y,臺北市大安區,110839,68.92%,臺北市大安區光武里,2686,65.77%
臺北市,馬英九,02,M,1950,中國國民黨,873102,64.11%,Y,Y,臺北市大安區,110839,68.92%,臺北市大安區龍坡里,1940,61.39%
臺北市,馬英九,02,M,1950,中國國民黨,873102,64.11%,Y,Y,臺北市大安區,110839,68.92%,臺北市大安區龍泉里,1599,65.37%
臺北市,馬英九,02,M,1950,中國國民黨,873102,64.11%,Y,Y,臺北市大安區,110839,68.92%,臺北市大安區古風里,1510,66.96%
臺北市,馬英九,02,M,1950,中國國民黨,873102,64.11%,Y,Y,臺北市大安區,110839,68.92%,臺北市大安區古莊里,2344,67.09%
臺北市,馬英九,02,M,1950,中國國民黨,873102,64.11%,Y,Y,臺北市大安區,110839,68.92%,臺北市大安區龍安里,2056,67.1%
臺北市,馬英九,02,M,1950,中國國民黨,873102,64.11%,Y,Y,臺北市大安區,110839,68.92%,臺北市大安區錦安里,1915,70.07%
臺北市,馬英九,02,M,1950,中國國民黨,873102,64.11%,Y,Y,臺北市大安區,110839,68.92%,臺北市大安區福住里,2025,67.03%
臺北市,馬英九,02,M,1950,中國國民黨,873102,64.11%,Y,Y,臺北市大安區,110839,68.92%,臺北市大安區永康里,1270,68.21%
臺北市,馬英九,02,M,1950,中國國民黨,873102,64.11%,Y,Y,臺北市大安區,110839,68.92%,臺北市大安區光明里,1431,69.67%
臺北市,馬英九,02,M,1950,中國國民黨,873102,64.11%,Y,Y,臺北市大安區,110839,68.92%,臺北市大安區錦泰里,2208,76.56%
臺北市,馬英九,02,M,1950,中國國民黨,873102,64.11%,Y,Y,臺北市大安區,110839,68.92%,臺北市大安區錦華里,2030,69.38%
臺北市,馬英九,02,M,1950,中國國民黨,873102,64.11%,Y,Y,臺北市大安區,110839,68.92%,臺北市大安區龍圖里,2561,70.16%
臺北市,馬英九,02,M,1950,中國國民黨,873102,64.11%,Y,Y,臺北市大安區,110839,68.92%,臺北市大安區新龍里,2911,80.24%
臺北市,馬英九,02,M,1950,中國國民黨,873102,64.11%,Y,Y,臺北市大安區,110839,68.92%,臺北市大安區龍陣里,1405,69.59%
臺北市,馬英九,02,M,1950,中國國民黨,873102,64.11%,Y,Y,臺北市大安區,110839,68.92%,臺北市大安區龍雲里,1858,66.57%
臺北市,馬英九,02,M,1950,中國國民黨,873102,64.11%,Y,Y,臺北市大安區,110839,68.92%,臺北市大安區龍生里,2436,71.75%
臺北市,馬英九,02,M,1950,中國國民黨,873102,64.11%,Y,Y,臺北市大安區,110839,68.92%,臺北市大安區住安里,2056,69.04%
臺北市,馬英九,02,M,1950,中國國民黨,873102,64.11%,Y,Y,臺北市大安區,110839,68.92%,臺北市大安區義安里,2114,70.96%
臺北市,馬英九,02,M,1950,中國國民黨,873102,64.11%,Y,Y,臺北市大安區,110839,68.92%,臺北市大安區通化里,2066,59.23%
臺北市,馬英九,02,M,1950,中國國民黨,873102,64.11%,Y,Y,臺北市大安區,110839,68.92%,臺北市大安區通安里,2191,66.78%
臺北市,馬英九,02,M,1950,中國國民黨,873102,64.11%,Y,Y,臺北市大安區,110839,68.92%,臺北市大安區臨江里,1628,64.81%
臺北市,馬英九,02,M,1950,中國國民黨,873102,64.11%,Y,Y,臺北市大安區,110839,68.92%,臺北市大安區法治里,1817,72.68%
臺北市,馬英九,02,M,1950,中國國民黨,873102,64.11%,Y,Y,臺北市大安區,110839,68.92%,臺北市大安區全安里,1615,68.43%
臺北市,馬英九,02,M,1950,中國國民黨,873102,64.11%,Y,Y,臺北市大安區,110839,68.92%,臺北市大安區群賢里,2425,72.32%
臺北市,馬英九,02,M,1950,中國國民黨,873102,64.11%,Y,Y,臺北市大安區,110839,68.92%,臺北市大安區群英里,3636,83.61%
臺北市,馬英九,02,M,1950,中國國民黨,873102,64.11%,Y,Y,臺北市大安區,110839,68.92%,臺北市大安區虎嘯里,1280,71.67%
臺北市,馬英九,02,M,1950,中國國民黨,873102,64.11%,Y,Y,臺北市大安區,110839,68.92%,臺北市大安區臥龍里,1261,75.6%
臺北市,馬英九,02,M,1950,中國國民黨,873102,64.11%,Y,Y,臺北市大安區,110839,68.92%,臺北市大安區龍淵里,3330,69.29%
臺北市,馬英九,02,M,1950,中國國民黨,873102,64.11%,Y,Y,臺北市大安區,110839,68.92%,臺北市大安區龍門里,1430,66.57%
臺北市,馬英九,02,M,1950,中國國民黨,873102,64.11%,Y,Y,臺北市大安區,110839,68.92%,臺北市大安區大學里,2934,68.74%
臺北市,馬英九,02,M,1950,中國國民黨,873102,64.11%,Y,Y,臺北市大安區,110839,68.92%,臺北市大安區芳和里,2514,70.9%
臺北市,馬英九,02,M,1950,中國國民黨,873102,64.11%,Y,Y,臺北市大安區,110839,68.92%,臺北市大安區黎元里,2235,69.24%
臺北市,馬英九,02,M,1950,中國國民黨,873102,64.11%,Y,Y,臺北市大安區,110839,68.92%,臺北市大安區黎孝里,3080,69.78%
臺北市,馬英九,02,M,1950,中國國民黨,873102,64.11%,Y,Y,臺北市大安區,110839,68.92%,臺北市大安區黎和里,1781,73.17%
臺北市,馬英九,02,M,1950,中國國民黨,873102,64.11%,Y,Y,臺北市大安區,110839,68.92%,臺北市大安區建安里,1805,69.34%
臺北市,馬英九,02,M,1950,中國國民黨,873102,64.11%,Y,Y,臺北市大安區,110839,68.92%,臺北市大安區建倫里,2084,67.38%
臺北市,馬英九,02,M,1950,中國國民黨,873102,64.11%,Y,Y,臺北市大安區,110839,68.92%,臺北市大安區敦安里,2161,64.86%
臺北市,馬英九,02,M,1950,中國國民黨,873102,64.11%,Y,Y,臺北市大安區,110839,68.92%,臺北市大安區正聲里,1813,71.21%
臺北市,馬英九,02,M,1950,中國國民黨,873102,64.11%,Y,Y,臺北市大安區,110839,68.92%,臺北市大安區敦煌里,2083,65.56%
臺北市,馬英九,02,M,1950,中國國民黨,873102,64.11%,Y,Y,臺北市大安區,110839,68.92%,臺北市大安區華聲里,1639,69.77%
臺北市,馬英九,02,M,1950,中國國民黨,873102,64.11%,Y,Y,臺北市大安區,110839,68.92%,臺北市大安區車層里,2315,63.79%
臺北市,馬英九,02,M,1950,中國國民黨,873102,64.11%,Y,Y,臺北市大安區,110839,68.92%,臺北市大安區光信里,2942,66.5%
臺北市,馬英九,02,M,1950,中國國民黨,873102,64.11%,Y,Y,臺北市大安區,110839,68.92%,臺北市大安區學府里,1685,72.88%
臺北市,馬英九,02,M,1950,中國國民黨,873102,64.11%,Y,Y,臺北市中山區,66996,59.83%,臺北市中山區正守里,979,58.14%
臺北市,馬英九,02,M,1950,中國國民黨,873102,64.11%,Y,Y,臺北市中山區,66996,59.83%,臺北市中山區正義里,1488,64.44%
臺北市,馬英九,02,M,1950,中國國民黨,873102,64.11%,Y,Y,臺北市中山區,66996,59.83%,臺北市中山區正得里,1006,62.41%
臺北市,馬英九,02,M,1950,中國國民黨,873102,64.11%,Y,Y,臺北市中山區,66996,59.83%,臺北市中山區民安里,1560,56.03%
臺北市,馬英九,02,M,1950,中國國民黨,873102,64.11%,Y,Y,臺北市中山區,66996,59.83%,臺北市中山區康樂里,750,65.85%
臺北市,馬英九,02,M,1950,中國國民黨,873102,64.11%,Y,Y,臺北市中山區,66996,59.83%,臺北市中山區中山里,1734,61.36%
臺北市,馬英九,02,M,1950,中國國民黨,873102,64.11%,Y,Y,臺北市中山區,66996,59.83%,臺北市中山區聚盛里,1008,59.68%
臺北市,馬英九,02,M,1950,中國國民黨,873102,64.11%,Y,Y,臺北市中山區,66996,59.83%,臺北市中山區集英里,1678,52.75%
臺北市,馬英九,02,M,1950,中國國民黨,873102,64.11%,Y,Y,臺北市中山區,66996,59.83%,臺北市中山區聚葉里,1079,56.2%
臺北市,馬英九,02,M,1950,中國國民黨,873102,64.11%,Y,Y,臺北市中山區,66996,59.83%,臺北市中山區恆安里,1016,59.04%
臺北市,馬英九,02,M,1950,中國國民黨,873102,64.11%,Y,Y,臺北市中山區,66996,59.83%,臺北市中山區晴光里,1277,62.29%
臺北市,馬英九,02,M,1950,中國國民黨,873102,64.11%,Y,Y,臺北市中山區,66996,59.83%,臺北市中山區圓山里,1102,56.45%
臺北市,馬英九,02,M,1950,中國國民黨,873102,64.11%,Y,Y,臺北市中山區,66996,59.83%,臺北市中山區劍潭里,2101,91.07%
臺北市,馬英九,02,M,1950,中國國民黨,873102,64.11%,Y,Y,臺北市中山區,66996,59.83%,臺北市中山區大直里,3646,66.83%
臺北市,馬英九,02,M,1950,中國國民黨,873102,64.11%,Y,Y,臺北市中山區,66996,59.83%,臺北市中山區成功里,993,61.99%
臺北市,馬英九,02,M,1950,中國國民黨,873102,64.11%,Y,Y,臺北市中山區,66996,59.83%,臺北市中山區永安里,2894,63.51%
臺北市,馬英九,02,M,1950,中國國民黨,873102,64.11%,Y,Y,臺北市中山區,66996,59.83%,臺北市中山區大佳里,322,44.78%
臺北市,馬英九,02,M,1950,中國國民黨,873102,64.11%,Y,Y,臺北市中山區,66996,59.83%,臺北市中山區新喜里,1550,54.96%
臺北市,馬英九,02,M,1950,中國國民黨,873102,64.11%,Y,Y,臺北市中山區,66996,59.83%,臺北市中山區新庄里,1555,56.1%
臺北市,馬英九,02,M,1950,中國國民黨,873102,64.11%,Y,Y,臺北市中山區,66996,59.83%,臺北市中山區新福里,1452,52.06%
臺北市,馬英九,02,M,1950,中國國民黨,873102,64.11%,Y,Y,臺北市中山區,66996,59.83%,臺北市中山區松江里,1899,53.9%
臺北市,馬英九,02,M,1950,中國國民黨,873102,64.11%,Y,Y,臺北市中山區,66996,59.83%,臺北市中山區新生里,1522,54.43%
臺北市,馬英九,02,M,1950,中國國民黨,873102,64.11%,Y,Y,臺北市中山區,66996,59.83%,臺北市中山區中庄里,1601,52.63%
臺北市,馬英九,02,M,1950,中國國民黨,873102,64.11%,Y,Y,臺北市中山區,66996,59.83%,臺北市中山區行政里,1710,56.59%
臺北市,馬英九,02,M,1950,中國國民黨,873102,64.11%,Y,Y,臺北市中山區,66996,59.83%,臺北市中山區行仁里,2665,56.68%
臺北市,馬英九,02,M,1950,中國國民黨,873102,64.11%,Y,Y,臺北市中山區,66996,59.83%,臺北市中山區行孝里,1386,57.53%
臺北市,馬英九,02,M,1950,中國國民黨,873102,64.11%,Y,Y,臺北市中山區,66996,59.83%,臺北市中山區下埤里,2399,58.71%
臺北市,馬英九,02,M,1950,中國國民黨,873102,64.11%,Y,Y,臺北市中山區,66996,59.83%,臺北市中山區江寧里,2264,61.51%
臺北市,馬英九,02,M,1950,中國國民黨,873102,64.11%,Y,Y,臺北市中山區,66996,59.83%,臺北市中山區江山里,2346,55.59%
臺北市,馬英九,02,M,1950,中國國民黨,873102,64.11%,Y,Y,臺北市中山區,66996,59.83%,臺北市中山區中吉里,1499,52.08%
臺北市,馬英九,02,M,1950,中國國民黨,873102,64.11%,Y,Y,臺北市中山區,66996,59.83%,臺北市中山區中原里,1402,55.09%
臺北市,馬英九,02,M,1950,中國國民黨,873102,64.11%,Y,Y,臺北市中山區,66996,59.83%,臺北市中山區興亞里,1563,56.28%
臺北市,馬英九,02,M,1950,中國國民黨,873102,64.11%,Y,Y,臺北市中山區,66996,59.83%,臺北市中山區中央里,1225,60.98%
臺北市,馬英九,02,M,1950,中國國民黨,873102,64.11%,Y,Y,臺北市中山區,66996,59.83%,臺北市中山區朱馥里,2101,61.29%
臺北市,馬英九,02,M,1950,中國國民黨,873102,64.11%,Y,Y,臺北市中山區,66996,59.83%,臺北市中山區龍洲里,2542,79.29%
臺北市,馬英九,02,M,1950,中國國民黨,873102,64.11%,Y,Y,臺北市中山區,66996,59.83%,臺北市中山區朱園里,1389,56.76%
臺北市,馬英九,02,M,1950,中國國民黨,873102,64.11%,Y,Y,臺北市中山區,66996,59.83%,臺北市中山區埤頭里,1494,63.87%
臺北市,馬英九,02,M,1950,中國國民黨,873102,64.11%,Y,Y,臺北市中山區,66996,59.83%,臺北市中山區朱崙里,964,55.95%
臺北市,馬英九,02,M,1950,中國國民黨,873102,64.11%,Y,Y,臺北市中山區,66996,59.83%,臺北市中山區力行里,1781,54.3%
臺北市,馬英九,02,M,1950,中國國民黨,873102,64.11%,Y,Y,臺北市中山區,66996,59.83%,臺北市中山區復華里,1453,68.51%
臺北市,馬英九,02,M,1950,中國國民黨,873102,64.11%,Y,Y,臺北市中山區,66996,59.83%,臺北市中山區金泰里,1287,61.34%
臺北市,馬英九,02,M,1950,中國國民黨,873102,64.11%,Y,Y,臺北市中山區,66996,59.83%,臺北市中山區北安里,1314,74.79%
臺北市,馬英九,02,M,1950,中國國民黨,873102,64.11%,Y,Y,臺北市中正區,53950,66.94%,臺北市中正區水源里,1113,63.31%
臺北市,馬英九,02,M,1950,中國國民黨,873102,64.11%,Y,Y,臺北市中正區,53950,66.94%,臺北市中正區富水里,1466,84.11%
臺北市,馬英九,02,M,1950,中國國民黨,873102,64.11%,Y,Y,臺北市中正區,53950,66.94%,臺北市中正區文盛里,1011,65.48%
臺北市,馬英九,02,M,1950,中國國民黨,873102,64.11%,Y,Y,臺北市中正區,53950,66.94%,臺北市中正區林興里,1932,72.33%
臺北市,馬英九,02,M,1950,中國國民黨,873102,64.11%,Y,Y,臺北市中正區,53950,66.94%,臺北市中正區河堤里,1874,70.45%
臺北市,馬英九,02,M,1950,中國國民黨,873102,64.11%,Y,Y,臺北市中正區,53950,66.94%,臺北市中正區頂東里,2128,64.86%
臺北市,馬英九,02,M,1950,中國國民黨,873102,64.11%,Y,Y,臺北市中正區,53950,66.94%,臺北市中正區網溪里,2095,66.8%
臺北市,馬英九,02,M,1950,中國國民黨,873102,64.11%,Y,Y,臺北市中正區,53950,66.94%,臺北市中正區板溪里,1284,64.91%
臺北市,馬英九,02,M,1950,中國國民黨,873102,64.11%,Y,Y,臺北市中正區,53950,66.94%,臺北市中正區螢圃里,2078,66.26%
臺北市,馬英九,02,M,1950,中國國民黨,873102,64.11%,Y,Y,臺北市中正區,53950,66.94%,臺北市中正區螢雪里,1716,66.59%
臺北市,馬英九,02,M,1950,中國國民黨,873102,64.11%,Y,Y,臺北市中正區,53950,66.94%,臺北市中正區永功里,2212,62.68%
臺北市,馬英九,02,M,1950,中國國民黨,873102,64.11%,Y,Y,臺北市中正區,53950,66.94%,臺北市中正區永昌里,1943,63.19%
臺北市,馬英九,02,M,1950,中國國民黨,873102,64.11%,Y,Y,臺北市中正區,53950,66.94%,臺北市中正區龍興里,1473,66.41%
臺北市,馬英九,02,M,1950,中國國民黨,873102,64.11%,Y,Y,臺北市中正區,53950,66.94%,臺北市中正區忠勤里,2751,69.36%
臺北市,馬英九,02,M,1950,中國國民黨,873102,64.11%,Y,Y,臺北市中正區,53950,66.94%,臺北市中正區廈安里,1299,63.99%
臺北市,馬英九,02,M,1950,中國國民黨,873102,64.11%,Y,Y,臺北市中正區,53950,66.94%,臺北市中正區愛國里,1168,64.82%
臺北市,馬英九,02,M,1950,中國國民黨,873102,64.11%,Y,Y,臺北市中正區,53950,66.94%,臺北市中正區南門里,1397,76.59%
臺北市,馬英九,02,M,1950,中國國民黨,873102,64.11%,Y,Y,臺北市中正區,53950,66.94%,臺北市中正區龍光里,1435,71.04%
臺北市,馬英九,02,M,1950,中國國民黨,873102,64.11%,Y,Y,臺北市中正區,53950,66.94%,臺北市中正區南福里,2836,67.04%
臺北市,馬英九,02,M,1950,中國國民黨,873102,64.11%,Y,Y,臺北市中正區,53950,66.94%,臺北市中正區龍福里,2297,68.16%
臺北市,馬英九,02,M,1950,中國國民黨,873102,64.11%,Y,Y,臺北市中正區,53950,66.94%,臺北市中正區新營里,3236,73.13%
臺北市,馬英九,02,M,1950,中國國民黨,873102,64.11%,Y,Y,臺北市中正區,53950,66.94%,臺北市中正區建國里,512,73.78%
臺北市,馬英九,02,M,1950,中國國民黨,873102,64.11%,Y,Y,臺北市中正區,53950,66.94%,臺北市中正區光復里,1177,62.74%
臺北市,馬英九,02,M,1950,中國國民黨,873102,64.11%,Y,Y,臺北市中正區,53950,66.94%,臺北市中正區黎明里,1049,67.76%
臺北市,馬英九,02,M,1950,中國國民黨,873102,64.11%,Y,Y,臺北市中正區,53950,66.94%,臺北市中正區梅花里,1210,63.52%
臺北市,馬英九,02,M,1950,中國國民黨,873102,64.11%,Y,Y,臺北市中正區,53950,66.94%,臺北市中正區幸福里,1556,66.16%
臺北市,馬英九,02,M,1950,中國國民黨,873102,64.11%,Y,Y,臺北市中正區,53950,66.94%,臺北市中正區幸市里,1184,51.06%
臺北市,馬英九,02,M,1950,中國國民黨,873102,64.11%,Y,Y,臺北市中正區,53950,66.94%,臺北市中正區東門里,1823,74.68%
臺北市,馬英九,02,M,1950,中國國民黨,873102,64.11%,Y,Y,臺北市中正區,53950,66.94%,臺北市中正區文北里,1664,62.63%
臺北市,馬英九,02,M,1950,中國國民黨,873102,64.11%,Y,Y,臺北市中正區,53950,66.94%,臺北市中正區文祥里,2428,64.71%
臺北市,馬英九,02,M,1950,中國國民黨,873102,64.11%,Y,Y,臺北市中正區,53950,66.94%,臺北市中正區三愛里,2603,63.83%
臺北市,馬英九,02,M,1950,中國國民黨,873102,64.11%,Y,Y,臺北市大同區,34733,51.35%,臺北市大同區玉泉里,1090,58.45%
臺北市,馬英九,02,M,1950,中國國民黨,873102,64.11%,Y,Y,臺北市大同區,34733,51.35%,臺北市大同區建明里,937,49.47%
臺北市,馬英九,02,M,1950,中國國民黨,873102,64.11%,Y,Y,臺北市大同區,34733,51.35%,臺北市大同區建功里,1386,52.76%
臺北市,馬英九,02,M,1950,中國國民黨,873102,64.11%,Y,Y,臺北市大同區,34733,51.35%,臺北市大同區建泰里,991,49.06%
臺北市,馬英九,02,M,1950,中國國民黨,873102,64.11%,Y,Y,臺北市大同區,34733,51.35%,臺北市大同區永樂里,1451,49.61%
臺北市,馬英九,02,M,1950,中國國民黨,873102,64.11%,Y,Y,臺北市大同區,34733,51.35%,臺北市大同區朝陽里,1133,52.45%
臺北市,馬英九,02,M,1950,中國國民黨,873102,64.11%,Y,Y,臺北市大同區,34733,51.35%,臺北市大同區星明里,1435,54.83%
臺北市,馬英九,02,M,1950,中國國民黨,873102,64.11%,Y,Y,臺北市大同區,34733,51.35%,臺北市大同區光能里,1524,50.78%
臺北市,馬英九,02,M,1950,中國國民黨,873102,64.11%,Y,Y,臺北市大同區,34733,51.35%,臺北市大同區大有里,1428,49.91%
臺北市,馬英九,02,M,1950,中國國民黨,873102,64.11%,Y,Y,臺北市大同區,34733,51.35%,臺北市大同區延平里,1180,55.87%
臺北市,馬英九,02,M,1950,中國國民黨,873102,64.11%,Y,Y,臺北市大同區,34733,51.35%,臺北市大同區雙連里,2705,52.05%
臺北市,馬英九,02,M,1950,中國國民黨,873102,64.11%,Y,Y,臺北市大同區,34733,51.35%,臺北市大同區南芳里,1146,52.96%
臺北市,馬英九,02,M,1950,中國國民黨,873102,64.11%,Y,Y,臺北市大同區,34733,51.35%,臺北市大同區民權里,2050,58.26%
臺北市,馬英九,02,M,1950,中國國民黨,873102,64.11%,Y,Y,臺北市大同區,34733,51.35%,臺北市大同區景星里,823,49.76%
臺北市,馬英九,02,M,1950,中國國民黨,873102,64.11%,Y,Y,臺北市大同區,34733,51.35%,臺北市大同區隆和里,894,47.71%
臺北市,馬英九,02,M,1950,中國國民黨,873102,64.11%,Y,Y,臺北市大同區,34733,51.35%,臺北市大同區蓬萊里,1351,50.89%
臺北市,馬英九,02,M,1950,中國國民黨,873102,64.11%,Y,Y,臺北市大同區,34733,51.35%,臺北市大同區國順里,778,43.1%
臺北市,馬英九,02,M,1950,中國國民黨,873102,64.11%,Y,Y,臺北市大同區,34733,51.35%,臺北市大同區國慶里,1125,51.96%
臺北市,馬英九,02,M,1950,中國國民黨,873102,64.11%,Y,Y,臺北市大同區,34733,51.35%,臺北市大同區揚雅里,909,48.45%
臺北市,馬英九,02,M,1950,中國國民黨,873102,64.11%,Y,Y,臺北市大同區,34733,51.35%,臺北市大同區斯文里,1561,49.43%
臺北市,馬英九,02,M,1950,中國國民黨,873102,64.11%,Y,Y,臺北市大同區,34733,51.35%,臺北市大同區鄰江里,1791,48.12%
臺北市,馬英九,02,M,1950,中國國民黨,873102,64.11%,Y,Y,臺北市大同區,34733,51.35%,臺北市大同區至聖里,2299,51.09%
臺北市,馬英九,02,M,1950,中國國民黨,873102,64.11%,Y,Y,臺北市大同區,34733,51.35%,臺北市大同區老師里,1658,49.98%
臺北市,馬英九,02,M,1950,中國國民黨,873102,64.11%,Y,Y,臺北市大同區,34733,51.35%,臺北市大同區重慶里,1864,55.34%
臺北市,馬英九,02,M,1950,中國國民黨,873102,64.11%,Y,Y,臺北市大同區,34733,51.35%,臺北市大同區保安里,1224,47.28%
臺北市,馬英九,02,M,1950,中國國民黨,873102,64.11%,Y,Y,臺北市萬華區,65395,59.88%,臺北市萬華區福星里,1726,63.85%
臺北市,馬英九,02,M,1950,中國國民黨,873102,64.11%,Y,Y,臺北市萬華區,65395,59.88%,臺北市萬華區萬壽里,1041,61.78%
臺北市,馬英九,02,M,1950,中國國民黨,873102,64.11%,Y,Y,臺北市萬華區,65395,59.88%,臺北市萬華區西門里,1230,65.92%
臺北市,馬英九,02,M,1950,中國國民黨,873102,64.11%,Y,Y,臺北市萬華區,65395,59.88%,臺北市萬華區新起里,2436,63.01%
臺北市,馬英九,02,M,1950,中國國民黨,873102,64.11%,Y,Y,臺北市萬華區,65395,59.88%,臺北市萬華區菜園里,1916,56.24%
臺北市,馬英九,02,M,1950,中國國民黨,873102,64.11%,Y,Y,臺北市萬華區,65395,59.88%,臺北市萬華區青山里,1659,54.9%
臺北市,馬英九,02,M,1950,中國國民黨,873102,64.11%,Y,Y,臺北市萬華區,65395,59.88%,臺北市萬華區富民里,1552,51.34%
臺北市,馬英九,02,M,1950,中國國民黨,873102,64.11%,Y,Y,臺北市萬華區,65395,59.88%,臺北市萬華區福音里,1258,55.99%
臺北市,馬英九,02,M,1950,中國國民黨,873102,64.11%,Y,Y,臺北市萬華區,65395,59.88%,臺北市萬華區仁德里,1513,57.53%
臺北市,馬英九,02,M,1950,中國國民黨,873102,64.11%,Y,Y,臺北市萬華區,65395,59.88%,臺北市萬華區富福里,1492,52.44%
臺北市,馬英九,02,M,1950,中國國民黨,873102,64.11%,Y,Y,臺北市萬華區,65395,59.88%,臺北市萬華區頂碩里,2328,49.21%
臺北市,馬英九,02,M,1950,中國國民黨,873102,64.11%,Y,Y,臺北市萬華區,65395,59.88%,臺北市萬華區雙園里,1645,54.25%
臺北市,馬英九,02,M,1950,中國國民黨,873102,64.11%,Y,Y,臺北市萬華區,65395,59.88%,臺北市萬華區新忠里,2102,86.54%
臺北市,馬英九,02,M,1950,中國國民黨,873102,64.11%,Y,Y,臺北市萬華區,65395,59.88%,臺北市萬華區新和里,4534,83.42%
臺北市,馬英九,02,M,1950,中國國民黨,873102,64.11%,Y,Y,臺北市萬華區,65395,59.88%,臺北市萬華區糖部里,1833,57.46%
臺北市,馬英九,02,M,1950,中國國民黨,873102,64.11%,Y,Y,臺北市萬華區,65395,59.88%,臺北市萬華區和平里,2164,50.55%
臺北市,馬英九,02,M,1950,中國國民黨,873102,64.11%,Y,Y,臺北市萬華區,65395,59.88%,臺北市萬華區綠堤里,1644,61.78%
臺北市,馬英九,02,M,1950,中國國民黨,873102,64.11%,Y,Y,臺北市萬華區,65395,59.88%,臺北市萬華區華江里,2779,56.35%
臺北市,馬英九,02,M,1950,中國國民黨,873102,64.11%,Y,Y,臺北市萬華區,65395,59.88%,臺北市萬華區柳鄉里,1685,52.99%
臺北市,馬英九,02,M,1950,中國國民黨,873102,64.11%,Y,Y,臺北市萬華區,65395,59.88%,臺北市萬華區日善里,1280,56.21%
臺北市,馬英九,02,M,1950,中國國民黨,873102,64.11%,Y,Y,臺北市萬華區,65395,59.88%,臺北市萬華區新安里,2184,55.46%
臺北市,馬英九,02,M,1950,中國國民黨,873102,64.11%,Y,Y,臺北市萬華區,65395,59.88%,臺北市萬華區忠德里,1411,52.07%
臺北市,馬英九,02,M,1950,中國國民黨,873102,64.11%,Y,Y,臺北市萬華區,65395,59.88%,臺北市萬華區孝德里,959,49.95%
臺北市,馬英九,02,M,1950,中國國民黨,873102,64.11%,Y,Y,臺北市萬華區,65395,59.88%,臺北市萬華區和德里,2089,53.21%
臺北市,馬英九,02,M,1950,中國國民黨,873102,64.11%,Y,Y,臺北市萬華區,65395,59.88%,臺北市萬華區錦德里,1792,56.8%
臺北市,馬英九,02,M,1950,中國國民黨,873102,64.11%,Y,Y,臺北市萬華區,65395,59.88%,臺北市萬華區全德里,1394,57.6%
臺北市,馬英九,02,M,1950,中國國民黨,873102,64.11%,Y,Y,臺北市萬華區,65395,59.88%,臺北市萬華區保德里,1008,56.95%
臺北市,馬英九,02,M,1950,中國國民黨,873102,64.11%,Y,Y,臺北市萬華區,65395,59.88%,臺北市萬華區銘德里,1608,56.62%
臺北市,馬英九,02,M,1950,中國國民黨,873102,64.11%,Y,Y,臺北市萬華區,65395,59.88%,臺北市萬華區榮德里,1351,55.99%
臺北市,馬英九,02,M,1950,中國國民黨,873102,64.11%,Y,Y,臺北市萬華區,65395,59.88%,臺北市萬華區壽德里,1697,58.14%
臺北市,馬英九,02,M,1950,中國國民黨,873102,64.11%,Y,Y,臺北市萬華區,65395,59.88%,臺北市萬華區興德里,1591,55.67%
臺北市,馬英九,02,M,1950,中國國民黨,873102,64.11%,Y,Y,臺北市萬華區,65395,59.88%,臺北市萬華區華中里,2022,54.38%
臺北市,馬英九,02,M,1950,中國國民黨,873102,64.11%,Y,Y,臺北市萬華區,65395,59.88%,臺北市萬華區日祥里,2651,74.78%
臺北市,馬英九,02,M,1950,中國國民黨,873102,64.11%,Y,Y,臺北市萬華區,65395,59.88%,臺北市萬華區忠貞里,2524,77.73%
臺北市,馬英九,02,M,1950,中國國民黨,873102,64.11%,Y,Y,臺北市萬華區,65395,59.88%,臺北市萬華區凌霄里,1927,76.29%
臺北市,馬英九,02,M,1950,中國國民黨,873102,64.11%,Y,Y,臺北市萬華區,65395,59.88%,臺北市萬華區騰雲里,1370,73.62%
臺北市,馬英九,02,M,1950,中國國民黨,873102,64.11%,Y,Y,臺北市文山區,97515,73.25%,臺北市文山區景行里,1800,59.82%
臺北市,馬英九,02,M,1950,中國國民黨,873102,64.11%,Y,Y,臺北市文山區,97515,73.25%,臺北市文山區景東里,2828,76.76%
臺北市,馬英九,02,M,1950,中國國民黨,873102,64.11%,Y,Y,臺北市文山區,97515,73.25%,臺北市文山區景美里,1732,68.73%
臺北市,馬英九,02,M,1950,中國國民黨,873102,64.11%,Y,Y,臺北市文山區,97515,73.25%,臺北市文山區景慶里,2547,71.4%
臺北市,馬英九,02,M,1950,中國國民黨,873102,64.11%,Y,Y,臺北市文山區,97515,73.25%,臺北市文山區景仁里,1939,72.49%
臺北市,馬英九,02,M,1950,中國國民黨,873102,64.11%,Y,Y,臺北市文山區,97515,73.25%,臺北市文山區景華里,2265,72.09%
臺北市,馬英九,02,M,1950,中國國民黨,873102,64.11%,Y,Y,臺北市文山區,97515,73.25%,臺北市文山區萬有里,1942,71.06%
臺北市,馬英九,02,M,1950,中國國民黨,873102,64.11%,Y,Y,臺北市文山區,97515,73.25%,臺北市文山區萬祥里,1791,71.13%
臺北市,馬英九,02,M,1950,中國國民黨,873102,64.11%,Y,Y,臺北市文山區,97515,73.25%,臺北市文山區萬隆里,2928,74.18%
臺北市,馬英九,02,M,1950,中國國民黨,873102,64.11%,Y,Y,臺北市文山區,97515,73.25%,臺北市文山區萬年里,2029,68.45%
臺北市,馬英九,02,M,1950,中國國民黨,873102,64.11%,Y,Y,臺北市文山區,97515,73.25%,臺北市文山區萬和里,1761,83.54%
臺北市,馬英九,02,M,1950,中國國民黨,873102,64.11%,Y,Y,臺北市文山區,97515,73.25%,臺北市文山區萬盛里,2059,74.49%
臺北市,馬英九,02,M,1950,中國國民黨,873102,64.11%,Y,Y,臺北市文山區,97515,73.25%,臺北市文山區興豐里,3674,74.95%
臺北市,馬英九,02,M,1950,中國國民黨,873102,64.11%,Y,Y,臺北市文山區,97515,73.25%,臺北市文山區興光里,1298,73.5%
臺北市,馬英九,02,M,1950,中國國民黨,873102,64.11%,Y,Y,臺北市文山區,97515,73.25%,臺北市文山區興家里,3191,76.73%
臺北市,馬英九,02,M,1950,中國國民黨,873102,64.11%,Y,Y,臺北市文山區,97515,73.25%,臺北市文山區興得里,2613,75.5%
臺北市,馬英九,02,M,1950,中國國民黨,873102,64.11%,Y,Y,臺北市文山區,97515,73.25%,臺北市文山區興業里,2548,81.35%
臺北市,馬英九,02,M,1950,中國國民黨,873102,64.11%,Y,Y,臺北市文山區,97515,73.25%,臺北市文山區興安里,2720,76.25%
臺北市,馬英九,02,M,1950,中國國民黨,873102,64.11%,Y,Y,臺北市文山區,97515,73.25%,臺北市文山區興福里,2430,71.39%
臺北市,馬英九,02,M,1950,中國國民黨,873102,64.11%,Y,Y,臺北市文山區,97515,73.25%,臺北市文山區興旺里,2278,58.43%
臺北市,馬英九,02,M,1950,中國國民黨,873102,64.11%,Y,Y,臺北市文山區,97515,73.25%,臺北市文山區興泰里,1664,77.07%
臺北市,馬英九,02,M,1950,中國國民黨,873102,64.11%,Y,Y,臺北市文山區,97515,73.25%,臺北市文山區興昌里,2579,77.7%
臺北市,馬英九,02,M,1950,中國國民黨,873102,64.11%,Y,Y,臺北市文山區,97515,73.25%,臺北市文山區試院里,2856,79.09%
臺北市,馬英九,02,M,1950,中國國民黨,873102,64.11%,Y,Y,臺北市文山區,97515,73.25%,臺北市文山區華興里,3147,74.96%
臺北市,馬英九,02,M,1950,中國國民黨,873102,64.11%,Y,Y,臺北市文山區,97515,73.25%,臺北市文山區明義里,1969,76.85%
臺北市,馬英九,02,M,1950,中國國民黨,873102,64.11%,Y,Y,臺北市文山區,97515,73.25%,臺北市文山區明興里,3040,77.43%
臺北市,馬英九,02,M,1950,中國國民黨,873102,64.11%,Y,Y,臺北市文山區,97515,73.25%,臺北市文山區木柵里,3355,77.32%
臺北市,馬英九,02,M,1950,中國國民黨,873102,64.11%,Y,Y,臺北市文山區,97515,73.25%,臺北市文山區木新里,3388,69.43%
臺北市,馬英九,02,M,1950,中國國民黨,873102,64.11%,Y,Y,臺北市文山區,97515,73.25%,臺北市文山區順興里,2789,70.84%
臺北市,馬英九,02,M,1950,中國國民黨,873102,64.11%,Y,Y,臺北市文山區,97515,73.25%,臺北市文山區樟林里,3608,75.94%
臺北市,馬英九,02,M,1950,中國國民黨,873102,64.11%,Y,Y,臺北市文山區,97515,73.25%,臺北市文山區樟新里,4468,71.78%
臺北市,馬英九,02,M,1950,中國國民黨,873102,64.11%,Y,Y,臺北市文山區,97515,73.25%,臺北市文山區樟腳里,3758,71.23%
臺北市,馬英九,02,M,1950,中國國民黨,873102,64.11%,Y,Y,臺北市文山區,97515,73.25%,臺北市文山區萬芳里,3055,76.62%
臺北市,馬英九,02,M,1950,中國國民黨,873102,64.11%,Y,Y,臺北市文山區,97515,73.25%,臺北市文山區博嘉里,1852,70.93%
臺北市,馬英九,02,M,1950,中國國民黨,873102,64.11%,Y,Y,臺北市文山區,97515,73.25%,臺北市文山區萬興里,3991,71.29%
臺北市,馬英九,02,M,1950,中國國民黨,873102,64.11%,Y,Y,臺北市文山區,97515,73.25%,臺北市文山區指南里,1017,60.83%
臺北市,馬英九,02,M,1950,中國國民黨,873102,64.11%,Y,Y,臺北市文山區,97515,73.25%,臺北市文山區老泉里,249,50.2%
臺北市,馬英九,02,M,1950,中國國民黨,873102,64.11%,Y,Y,臺北市文山區,97515,73.25%,臺北市文山區忠順里,1712,80.22%
臺北市,馬英九,02,M,1950,中國國民黨,873102,64.11%,Y,Y,臺北市文山區,97515,73.25%,臺北市文山區萬美里,2645,75.06%
臺北市,馬英九,02,M,1950,中國國民黨,873102,64.11%,Y,Y,臺北市南港區,38996,65.74%,臺北市南港區南港里,2008,63.09%
臺北市,馬英九,02,M,1950,中國國民黨,873102,64.11%,Y,Y,臺北市南港區,38996,65.74%,臺北市南港區中南里,1461,61.03%
臺北市,馬英九,02,M,1950,中國國民黨,873102,64.11%,Y,Y,臺北市南港區,38996,65.74%,臺北市南港區新富里,1407,59.39%
臺北市,馬英九,02,M,1950,中國國民黨,873102,64.11%,Y,Y,臺北市南港區,38996,65.74%,臺北市南港區三重里,1212,61.81%
臺北市,馬英九,02,M,1950,中國國民黨,873102,64.11%,Y,Y,臺北市南港區,38996,65.74%,臺北市南港區東新里,2529,66.17%
臺北市,馬英九,02,M,1950,中國國民黨,873102,64.11%,Y,Y,臺北市南港區,38996,65.74%,臺北市南港區新光里,1732,70.84%
臺北市,馬英九,02,M,1950,中國國民黨,873102,64.11%,Y,Y,臺北市南港區,38996,65.74%,臺北市南港區東明里,1842,69.43%
臺北市,馬英九,02,M,1950,中國國民黨,873102,64.11%,Y,Y,臺北市南港區,38996,65.74%,臺北市南港區西新里,1344,54.13%
臺北市,馬英九,02,M,1950,中國國民黨,873102,64.11%,Y,Y,臺北市南港區,38996,65.74%,臺北市南港區玉成里,1609,60.35%
臺北市,馬英九,02,M,1950,中國國民黨,873102,64.11%,Y,Y,臺北市南港區,38996,65.74%,臺北市南港區合成里,2250,62.67%
臺北市,馬英九,02,M,1950,中國國民黨,873102,64.11%,Y,Y,臺北市南港區,38996,65.74%,臺北市南港區成福里,2997,69.31%
臺北市,馬英九,02,M,1950,中國國民黨,873102,64.11%,Y,Y,臺北市南港區,38996,65.74%,臺北市南港區萬福里,1801,70.82%
臺北市,馬英九,02,M,1950,中國國民黨,873102,64.11%,Y,Y,臺北市南港區,38996,65.74%,臺北市南港區鴻福里,1703,63.5%
臺北市,馬英九,02,M,1950,中國國民黨,873102,64.11%,Y,Y,臺北市南港區,38996,65.74%,臺北市南港區百福里,1866,63.99%
臺北市,馬英九,02,M,1950,中國國民黨,873102,64.11%,Y,Y,臺北市南港區,38996,65.74%,臺北市南港區聯成里,2141,68.32%
臺北市,馬英九,02,M,1950,中國國民黨,873102,64.11%,Y,Y,臺北市南港區,38996,65.74%,臺北市南港區舊莊里,3058,65.05%
臺北市,馬英九,02,M,1950,中國國民黨,873102,64.11%,Y,Y,臺北市南港區,38996,65.74%,臺北市南港區中研里,3543,67.28%
臺北市,馬英九,02,M,1950,中國國民黨,873102,64.11%,Y,Y,臺北市南港區,38996,65.74%,臺北市南港區九如里,2329,72.02%
臺北市,馬英九,02,M,1950,中國國民黨,873102,64.11%,Y,Y,臺北市南港區,38996,65.74%,臺北市南港區仁福里,2164,73.23%
臺北市,馬英九,02,M,1950,中國國民黨,873102,64.11%,Y,Y,臺北市內湖區,85306,66.54%,臺北市內湖區西湖里,2655,61.01%
臺北市,馬英九,02,M,1950,中國國民黨,873102,64.11%,Y,Y,臺北市內湖區,85306,66.54%,臺北市內湖區西康里,3108,70.43%
臺北市,馬英九,02,M,1950,中國國民黨,873102,64.11%,Y,Y,臺北市內湖區,85306,66.54%,臺北市內湖區西安里,2300,67.25%
臺北市,馬英九,02,M,1950,中國國民黨,873102,64.11%,Y,Y,臺北市內湖區,85306,66.54%,臺北市內湖區港墘里,2009,63.9%
臺北市,馬英九,02,M,1950,中國國民黨,873102,64.11%,Y,Y,臺北市內湖區,85306,66.54%,臺北市內湖區港都里,1823,62.91%
臺北市,馬英九,02,M,1950,中國國民黨,873102,64.11%,Y,Y,臺北市內湖區,85306,66.54%,臺北市內湖區港富里,3097,61.58%
臺北市,馬英九,02,M,1950,中國國民黨,873102,64.11%,Y,Y,臺北市內湖區,85306,66.54%,臺北市內湖區港華里,2874,65.13%
臺北市,馬英九,02,M,1950,中國國民黨,873102,64.11%,Y,Y,臺北市內湖區,85306,66.54%,臺北市內湖區內湖里,2152,70.37%
臺北市,馬英九,02,M,1950,中國國民黨,873102,64.11%,Y,Y,臺北市內湖區,85306,66.54%,臺北市內湖區湖濱里,2960,72.34%
臺北市,馬英九,02,M,1950,中國國民黨,873102,64.11%,Y,Y,臺北市內湖區,85306,66.54%,臺北市內湖區紫星里,3051,65.66%
臺北市,馬英九,02,M,1950,中國國民黨,873102,64.11%,Y,Y,臺北市內湖區,85306,66.54%,臺北市內湖區大湖里,1840,68.45%
臺北市,馬英九,02,M,1950,中國國民黨,873102,64.11%,Y,Y,臺北市內湖區,85306,66.54%,臺北市內湖區金龍里,2134,67.38%
臺北市,馬英九,02,M,1950,中國國民黨,873102,64.11%,Y,Y,臺北市內湖區,85306,66.54%,臺北市內湖區金瑞里,2369,67.51%
臺北市,馬英九,02,M,1950,中國國民黨,873102,64.11%,Y,Y,臺北市內湖區,85306,66.54%,臺北市內湖區碧山里,2510,67.13%
臺北市,馬英九,02,M,1950,中國國民黨,873102,64.11%,Y,Y,臺北市內湖區,85306,66.54%,臺北市內湖區紫雲里,2527,76.62%
臺北市,馬英九,02,M,1950,中國國民黨,873102,64.11%,Y,Y,臺北市內湖區,85306,66.54%,臺北市內湖區清白里,2493,71.31%
臺北市,馬英九,02,M,1950,中國國民黨,873102,64.11%,Y,Y,臺北市內湖區,85306,66.54%,臺北市內湖區葫洲里,3410,71.31%
臺北市,馬英九,02,M,1950,中國國民黨,873102,64.11%,Y,Y,臺北市內湖區,85306,66.54%,臺北市內湖區紫陽里,2187,55.65%
臺北市,馬英九,02,M,1950,中國國民黨,873102,64.11%,Y,Y,臺北市內湖區,85306,66.54%,臺北市內湖區瑞陽里,3791,78.16%
臺北市,馬英九,02,M,1950,中國國民黨,873102,64.11%,Y,Y,臺北市內湖區,85306,66.54%,臺北市內湖區瑞光里,2089,75.36%
臺北市,馬英九,02,M,1950,中國國民黨,873102,64.11%,Y,Y,臺北市內湖區,85306,66.54%,臺北市內湖區五分里,2994,64.29%
臺北市,馬英九,02,M,1950,中國國民黨,873102,64.11%,Y,Y,臺北市內湖區,85306,66.54%,臺北市內湖區東湖里,2610,65.04%
臺北市,馬英九,02,M,1950,中國國民黨,873102,64.11%,Y,Y,臺北市內湖區,85306,66.54%,臺北市內湖區樂康里,2655,65.01%
臺北市,馬英九,02,M,1950,中國國民黨,873102,64.11%,Y,Y,臺北市內湖區,85306,66.54%,臺北市內湖區內溝里,1466,66.21%
臺北市,馬英九,02,M,1950,中國國民黨,873102,64.11%,Y,Y,臺北市內湖區,85306,66.54%,臺北市內湖區週美里,1350,50.28%
臺北市,馬英九,02,M,1950,中國國民黨,873102,64.11%,Y,Y,臺北市內湖區,85306,66.54%,臺北市內湖區行善里,2232,62.09%
臺北市,馬英九,02,M,1950,中國國民黨,873102,64.11%,Y,Y,臺北市內湖區,85306,66.54%,臺北市內湖區石潭里,754,50.1%
臺北市,馬英九,02,M,1950,中國國民黨,873102,64.11%,Y,Y,臺北市內湖區,85306,66.54%,臺北市內湖區湖興里,2962,64.53%
臺北市,馬英九,02,M,1950,中國國民黨,873102,64.11%,Y,Y,臺北市內湖區,85306,66.54%,臺北市內湖區湖元里,1788,65.02%
臺北市,馬英九,02,M,1950,中國國民黨,873102,64.11%,Y,Y,臺北市內湖區,85306,66.54%,臺北市內湖區安湖里,2451,67.43%
臺北市,馬英九,02,M,1950,中國國民黨,873102,64.11%,Y,Y,臺北市內湖區,85306,66.54%,臺北市內湖區秀湖里,2229,67.5%
臺北市,馬英九,02,M,1950,中國國民黨,873102,64.11%,Y,Y,臺北市內湖區,85306,66.54%,臺北市內湖區安泰里,1722,68.63%
臺北市,馬英九,02,M,1950,中國國民黨,873102,64.11%,Y,Y,臺北市內湖區,85306,66.54%,臺北市內湖區金湖里,2099,71.71%
臺北市,馬英九,02,M,1950,中國國民黨,873102,64.11%,Y,Y,臺北市內湖區,85306,66.54%,臺北市內湖區康寧里,2798,69.55%
臺北市,馬英九,02,M,1950,中國國民黨,873102,64.11%,Y,Y,臺北市內湖區,85306,66.54%,臺北市內湖區明湖里,1707,67.31%
臺北市,馬英九,02,M,1950,中國國民黨,873102,64.11%,Y,Y,臺北市內湖區,85306,66.54%,臺北市內湖區蘆洲里,320,61.07%
臺北市,馬英九,02,M,1950,中國國民黨,873102,64.11%,Y,Y,臺北市內湖區,85306,66.54%,臺北市內湖區麗山里,1790,60.6%
臺北市,馬英九,02,M,1950,中國國民黨,873102,64.11%,Y,Y,臺北市士林區,87652,57.6%,臺北市士林區仁勇里,1426,53.95%
臺北市,馬英九,02,M,1950,中國國民黨,873102,64.11%,Y,Y,臺北市士林區,87652,57.6%,臺北市士林區義信里,1037,58.46%
臺北市,馬英九,02,M,1950,中國國民黨,873102,64.11%,Y,Y,臺北市士林區,87652,57.6%,臺北市士林區福林里,1588,68.95%
臺北市,馬英九,02,M,1950,中國國民黨,873102,64.11%,Y,Y,臺北市士林區,87652,57.6%,臺北市士林區福德里,1542,59.88%
臺北市,馬英九,02,M,1950,中國國民黨,873102,64.11%,Y,Y,臺北市士林區,87652,57.6%,臺北市士林區福志里,2478,61.72%
臺北市,馬英九,02,M,1950,中國國民黨,873102,64.11%,Y,Y,臺北市士林區,87652,57.6%,臺北市士林區舊佳里,2189,56.48%
臺北市,馬英九,02,M,1950,中國國民黨,873102,64.11%,Y,Y,臺北市士林區,87652,57.6%,臺北市士林區福佳里,2471,57.44%
臺北市,馬英九,02,M,1950,中國國民黨,873102,64.11%,Y,Y,臺北市士林區,87652,57.6%,臺北市士林區後港里,2289,52.15%
臺北市,馬英九,02,M,1950,中國國民黨,873102,64.11%,Y,Y,臺北市士林區,87652,57.6%,臺北市士林區福中里,1582,50.43%
臺北市,馬英九,02,M,1950,中國國民黨,873102,64.11%,Y,Y,臺北市士林區,87652,57.6%,臺北市士林區前港里,1332,52.71%
臺北市,馬英九,02,M,1950,中國國民黨,873102,64.11%,Y,Y,臺北市士林區,87652,57.6%,臺北市士林區百齡里,2215,54.13%
臺北市,馬英九,02,M,1950,中國國民黨,873102,64.11%,Y,Y,臺北市士林區,87652,57.6%,臺北市士林區承德里,1783,59.75%
臺北市,馬英九,02,M,1950,中國國民黨,873102,64.11%,Y,Y,臺北市士林區,87652,57.6%,臺北市士林區福華里,2271,59.58%
臺北市,馬英九,02,M,1950,中國國民黨,873102,64.11%,Y,Y,臺北市士林區,87652,57.6%,臺北市士林區明勝里,1488,53.45%
臺北市,馬英九,02,M,1950,中國國民黨,873102,64.11%,Y,Y,臺北市士林區,87652,57.6%,臺北市士林區福順里,1428,48.1%
臺北市,馬英九,02,M,1950,中國國民黨,873102,64.11%,Y,Y,臺北市士林區,87652,57.6%,臺北市士林區富光里,1691,50.84%
臺北市,馬英九,02,M,1950,中國國民黨,873102,64.11%,Y,Y,臺北市士林區,87652,57.6%,臺北市士林區葫蘆里,2474,58.38%
臺北市,馬英九,02,M,1950,中國國民黨,873102,64.11%,Y,Y,臺北市士林區,87652,57.6%,臺北市士林區葫東里,1110,49.66%
臺北市,馬英九,02,M,1950,中國國民黨,873102,64.11%,Y,Y,臺北市士林區,87652,57.6%,臺北市士林區社子里,1814,52.01%
臺北市,馬英九,02,M,1950,中國國民黨,873102,64.11%,Y,Y,臺北市士林區,87652,57.6%,臺北市士林區社新里,2336,50.56%
臺北市,馬英九,02,M,1950,中國國民黨,873102,64.11%,Y,Y,臺北市士林區,87652,57.6%,臺北市士林區社園里,2008,49.51%
臺北市,馬英九,02,M,1950,中國國民黨,873102,64.11%,Y,Y,臺北市士林區,87652,57.6%,臺北市士林區永倫里,2052,49.04%
臺北市,馬英九,02,M,1950,中國國民黨,873102,64.11%,Y,Y,臺北市士林區,87652,57.6%,臺北市士林區福安里,994,33.51%
臺北市,馬英九,02,M,1950,中國國民黨,873102,64.11%,Y,Y,臺北市士林區,87652,57.6%,臺北市士林區富洲里,1371,42.28%
臺北市,馬英九,02,M,1950,中國國民黨,873102,64.11%,Y,Y,臺北市士林區,87652,57.6%,臺北市士林區岩山里,1447,69.17%
臺北市,馬英九,02,M,1950,中國國民黨,873102,64.11%,Y,Y,臺北市士林區,87652,57.6%,臺北市士林區名山里,2562,63.31%
臺北市,馬英九,02,M,1950,中國國民黨,873102,64.11%,Y,Y,臺北市士林區,87652,57.6%,臺北市士林區德行里,1358,57.64%
臺北市,馬英九,02,M,1950,中國國民黨,873102,64.11%,Y,Y,臺北市士林區,87652,57.6%,臺北市士林區德華里,1739,55.51%
臺北市,馬英九,02,M,1950,中國國民黨,873102,64.11%,Y,Y,臺北市士林區,87652,57.6%,臺北市士林區聖山里,2169,71.94%
臺北市,馬英九,02,M,1950,中國國民黨,873102,64.11%,Y,Y,臺北市士林區,87652,57.6%,臺北市士林區忠誠里,2496,75.34%
臺北市,馬英九,02,M,1950,中國國民黨,873102,64.11%,Y,Y,臺北市士林區,87652,57.6%,臺北市士林區芝山里,2522,63.67%
臺北市,馬英九,02,M,1950,中國國民黨,873102,64.11%,Y,Y,臺北市士林區,87652,57.6%,臺北市士林區東山里,2000,71.45%
臺北市,馬英九,02,M,1950,中國國民黨,873102,64.11%,Y,Y,臺北市士林區,87652,57.6%,臺北市士林區三玉里,1872,59.88%
臺北市,馬英九,02,M,1950,中國國民黨,873102,64.11%,Y,Y,臺北市士林區,87652,57.6%,臺北市士林區蘭雅里,2818,60.81%
臺北市,馬英九,02,M,1950,中國國民黨,873102,64.11%,Y,Y,臺北市士林區,87652,57.6%,臺北市士林區蘭興里,1995,56.24%
臺北市,馬英九,02,M,1950,中國國民黨,873102,64.11%,Y,Y,臺北市士林區,87652,57.6%,臺北市士林區天福里,2189,63.03%
臺北市,馬英九,02,M,1950,中國國民黨,873102,64.11%,Y,Y,臺北市士林區,87652,57.6%,臺北市士林區天祿里,1721,58.96%
臺北市,馬英九,02,M,1950,中國國民黨,873102,64.11%,Y,Y,臺北市士林區,87652,57.6%,臺北市士林區天壽里,1576,60.76%
臺北市,馬英九,02,M,1950,中國國民黨,873102,64.11%,Y,Y,臺北市士林區,87652,57.6%,臺北市士林區天和里,2522,62.89%
臺北市,馬英九,02,M,1950,中國國民黨,873102,64.11%,Y,Y,臺北市士林區,87652,57.6%,臺北市士林區天山里,2199,60.9%
臺北市,馬英九,02,M,1950,中國國民黨,873102,64.11%,Y,Y,臺北市士林區,87652,57.6%,臺北市士林區天玉里,2831,63%
臺北市,馬英九,02,M,1950,中國國民黨,873102,64.11%,Y,Y,臺北市士林區,87652,57.6%,臺北市士林區天母里,2280,63.46%
臺北市,馬英九,02,M,1950,中國國民黨,873102,64.11%,Y,Y,臺北市士林區,87652,57.6%,臺北市士林區永福里,351,45.76%
臺北市,馬英九,02,M,1950,中國國民黨,873102,64.11%,Y,Y,臺北市士林區,87652,57.6%,臺北市士林區公館里,399,45.7%
臺北市,馬英九,02,M,1950,中國國民黨,873102,64.11%,Y,Y,臺北市士林區,87652,57.6%,臺北市士林區新安里,641,52.45%
臺北市,馬英九,02,M,1950,中國國民黨,873102,64.11%,Y,Y,臺北市士林區,87652,57.6%,臺北市士林區陽明里,1126,60.67%
臺北市,馬英九,02,M,1950,中國國民黨,873102,64.11%,Y,Y,臺北市士林區,87652,57.6%,臺北市士林區菁山里,538,55.07%
臺北市,馬英九,02,M,1950,中國國民黨,873102,64.11%,Y,Y,臺北市士林區,87652,57.6%,臺北市士林區平等里,331,35.94%
臺北市,馬英九,02,M,1950,中國國民黨,873102,64.11%,Y,Y,臺北市士林區,87652,57.6%,臺北市士林區溪山里,458,52.16%
臺北市,馬英九,02,M,1950,中國國民黨,873102,64.11%,Y,Y,臺北市士林區,87652,57.6%,臺北市士林區翠山里,1520,83.61%
臺北市,馬英九,02,M,1950,中國國民黨,873102,64.11%,Y,Y,臺北市士林區,87652,57.6%,臺北市士林區臨溪里,1023,63.98%
臺北市,馬英九,02,M,1950,中國國民黨,873102,64.11%,Y,Y,臺北市北投區,78845,60.63%,臺北市北投區建民里,1421,52.67%
臺北市,馬英九,02,M,1950,中國國民黨,873102,64.11%,Y,Y,臺北市北投區,78845,60.63%,臺北市北投區文林里,1374,53.8%
臺北市,馬英九,02,M,1950,中國國民黨,873102,64.11%,Y,Y,臺北市北投區,78845,60.63%,臺北市北投區石牌里,1686,55.88%
臺北市,馬英九,02,M,1950,中國國民黨,873102,64.11%,Y,Y,臺北市北投區,78845,60.63%,臺北市北投區福興里,2294,58.42%
臺北市,馬英九,02,M,1950,中國國民黨,873102,64.11%,Y,Y,臺北市北投區,78845,60.63%,臺北市北投區榮光里,2404,60.85%
臺北市,馬英九,02,M,1950,中國國民黨,873102,64.11%,Y,Y,臺北市北投區,78845,60.63%,臺北市北投區榮華里,2561,63.03%
臺北市,馬英九,02,M,1950,中國國民黨,873102,64.11%,Y,Y,臺北市北投區,78845,60.63%,臺北市北投區裕民里,2371,61.49%
臺北市,馬英九,02,M,1950,中國國民黨,873102,64.11%,Y,Y,臺北市北投區,78845,60.63%,臺北市北投區振華里,2790,62.77%
臺北市,馬英九,02,M,1950,中國國民黨,873102,64.11%,Y,Y,臺北市北投區,78845,60.63%,臺北市北投區永和里,2639,60.32%
臺北市,馬英九,02,M,1950,中國國民黨,873102,64.11%,Y,Y,臺北市北投區,78845,60.63%,臺北市北投區永欣里,2502,70.08%
臺北市,馬英九,02,M,1950,中國國民黨,873102,64.11%,Y,Y,臺北市北投區,78845,60.63%,臺北市北投區永明里,1634,63.11%
臺北市,馬英九,02,M,1950,中國國民黨,873102,64.11%,Y,Y,臺北市北投區,78845,60.63%,臺北市北投區東華里,1780,65.3%
臺北市,馬英九,02,M,1950,中國國民黨,873102,64.11%,Y,Y,臺北市北投區,78845,60.63%,臺北市北投區吉利里,2492,67.46%
臺北市,馬英九,02,M,1950,中國國民黨,873102,64.11%,Y,Y,臺北市北投區,78845,60.63%,臺北市北投區吉慶里,1662,56.04%
臺北市,馬英九,02,M,1950,中國國民黨,873102,64.11%,Y,Y,臺北市北投區,78845,60.63%,臺北市北投區尊賢里,1553,55.9%
臺北市,馬英九,02,M,1950,中國國民黨,873102,64.11%,Y,Y,臺北市北投區,78845,60.63%,臺北市北投區立賢里,1779,59.8%
臺北市,馬英九,02,M,1950,中國國民黨,873102,64.11%,Y,Y,臺北市北投區,78845,60.63%,臺北市北投區立農里,2776,57.46%
臺北市,馬英九,02,M,1950,中國國民黨,873102,64.11%,Y,Y,臺北市北投區,78845,60.63%,臺北市北投區八仙里,1522,55.43%
臺北市,馬英九,02,M,1950,中國國民黨,873102,64.11%,Y,Y,臺北市北投區,78845,60.63%,臺北市北投區洲美里,462,43.46%
臺北市,馬英九,02,M,1950,中國國民黨,873102,64.11%,Y,Y,臺北市北投區,78845,60.63%,臺北市北投區奇岩里,3155,60.26%
臺北市,馬英九,02,M,1950,中國國民黨,873102,64.11%,Y,Y,臺北市北投區,78845,60.63%,臺北市北投區清江里,2833,56.99%
臺北市,馬英九,02,M,1950,中國國民黨,873102,64.11%,Y,Y,臺北市北投區,78845,60.63%,臺北市北投區中央里,2329,55.48%
臺北市,馬英九,02,M,1950,中國國民黨,873102,64.11%,Y,Y,臺北市北投區,78845,60.63%,臺北市北投區長安里,1884,58.97%
臺北市,馬英九,02,M,1950,中國國民黨,873102,64.11%,Y,Y,臺北市北投區,78845,60.63%,臺北市北投區大同里,1871,55.77%
臺北市,馬英九,02,M,1950,中國國民黨,873102,64.11%,Y,Y,臺北市北投區,78845,60.63%,臺北市北投區溫泉里,2146,60.45%
臺北市,馬英九,02,M,1950,中國國民黨,873102,64.11%,Y,Y,臺北市北投區,78845,60.63%,臺北市北投區林泉里,1294,71.77%
臺北市,馬英九,02,M,1950,中國國民黨,873102,64.11%,Y,Y,臺北市北投區,78845,60.63%,臺北市北投區中心里,1983,63.7%
臺北市,馬英九,02,M,1950,中國國民黨,873102,64.11%,Y,Y,臺北市北投區,78845,60.63%,臺北市北投區中庸里,1413,57.6%
臺北市,馬英九,02,M,1950,中國國民黨,873102,64.11%,Y,Y,臺北市北投區,78845,60.63%,臺北市北投區開明里,2294,64.08%
臺北市,馬英九,02,M,1950,中國國民黨,873102,64.11%,Y,Y,臺北市北投區,78845,60.63%,臺北市北投區中和里,1824,65.03%
臺北市,馬英九,02,M,1950,中國國民黨,873102,64.11%,Y,Y,臺北市北投區,78845,60.63%,臺北市北投區智仁里,2312,65.85%
臺北市,馬英九,02,M,1950,中國國民黨,873102,64.11%,Y,Y,臺北市北投區,78845,60.63%,臺北市北投區秀山里,1335,65.38%
臺北市,馬英九,02,M,1950,中國國民黨,873102,64.11%,Y,Y,臺北市北投區,78845,60.63%,臺北市北投區文化里,1944,78.07%
臺北市,馬英九,02,M,1950,中國國民黨,873102,64.11%,Y,Y,臺北市北投區,78845,60.63%,臺北市北投區豐年里,1549,62.81%
臺北市,馬英九,02,M,1950,中國國民黨,873102,64.11%,Y,Y,臺北市北投區,78845,60.63%,臺北市北投區稻香里,1883,68.32%
臺北市,馬英九,02,M,1950,中國國民黨,873102,64.11%,Y,Y,臺北市北投區,78845,60.63%,臺北市北投區桃源里,1714,57.61%
臺北市,馬英九,02,M,1950,中國國民黨,873102,64.11%,Y,Y,臺北市北投區,78845,60.63%,臺北市北投區一德里,1805,54.6%
臺北市,馬英九,02,M,1950,中國國民黨,873102,64.11%,Y,Y,臺北市北投區,78845,60.63%,臺北市北投區關渡里,3488,61.85%
臺北市,馬英九,02,M,1950,中國國民黨,873102,64.11%,Y,Y,臺北市北投區,78845,60.63%,臺北市北投區泉源里,772,55.46%
臺北市,馬英九,02,M,1950,中國國民黨,873102,64.11%,Y,Y,臺北市北投區,78845,60.63%,臺北市北投區湖山里,712,59.68%
臺北市,馬英九,02,M,1950,中國國民黨,873102,64.11%,Y,Y,臺北市北投區,78845,60.63%,臺北市北投區大屯里,308,45.29%
臺北市,馬英九,02,M,1950,中國國民黨,873102,64.11%,Y,Y,臺北市北投區,78845,60.63%,臺北市北投區湖田里,295,56.73%
